date,solar_kw,wind_kw,area
2014-06-30,385368.946,316686.1,hokkaido
2014-07-31,396570.1780217391,316687.1108695652,hokkaido
2014-08-31,407771.41004347824,316688.1217391304,hokkaido
2014-09-30,418611.312,316689.1,hokkaido
2014-10-31,449090.442923913,317436.4695652174,hokkaido
2014-11-30,478586.37607608695,318159.73043478257,hokkaido
2014-12-31,509065.507,318907.1,hokkaido
2015-01-31,541629.6805444444,319251.5444444444,hokkaido
2015-02-28,571042.4824555555,319562.65555555554,hokkaido
2015-03-31,603606.656,319907.1,hokkaido
2015-04-30,621180.4938021977,319907.1,hokkaido
2015-05-31,639340.1261978021,319907.1,hokkaido
2015-06-30,656913.9639999999,319907.1,hokkaido
2015-07-31,672541.329521739,319793.1413043478,hokkaido
2015-08-31,688168.6950434783,319679.18260869564,hokkaido
2015-09-30,703291.952,319568.89999999997,hokkaido
2015-10-31,756299.2496086957,319605.22391304345,hokkaido
2015-11-30,807596.6343913043,319640.3760869565,hokkaido
2015-12-31,860603.932,319676.69999999995,hokkaido
2016-01-31,905744.3803296704,319676.69999999995,hokkaido
2016-02-29,947972.5416703296,319676.69999999995,hokkaido
2016-03-31,993112.99,319676.69999999995,hokkaido
2016-04-30,1003802.0773626374,319676.69999999995,hokkaido
2016-05-31,1014847.4676373625,319676.69999999995,hokkaido
2016-06-30,1025536.5549999999,319676.69999999995,hokkaido
2016-07-31,1036824.9121847826,319694.8619565217,hokkaido
2016-08-31,1048113.2693695652,319713.02391304343,hokkaido
2016-09-30,1059037.486,319730.6,hokkaido
2016-10-31,1070325.8431847824,319748.7619565217,hokkaido
2016-11-30,1081250.0598152173,319766.33804347826,hokkaido
2016-12-31,1092538.417,319784.5,hokkaido
2017-01-31,1104479.238111111,331542.86888888886,hokkaido
2017-02-28,1115264.4958888888,342163.3311111111,hokkaido
2017-03-31,1127205.317,353921.69999999995,hokkaido
2017-04-30,1149997.3673296703,353941.0846153846,hokkaido
2017-05-31,1173549.1526703297,353961.1153846154,hokkaido
2017-06-30,1196341.203,353980.5,hokkaido
2017-07-31,1212478.2877065218,353987.1043478261,hokkaido
2017-08-31,1228615.3724130434,353993.70869565214,hokkaido
2017-09-30,1244231.906,354000.1,hokkaido
2017-10-31,1248363.0023913044,354053.37282608694,hokkaido
2017-11-30,1252360.8376086957,354104.927173913,hokkaido
2017-12-31,1256491.9340000001,354158.19999999995,hokkaido
2018-01-31,1274259.2643555556,356220.2511111111,hokkaido
2018-02-28,1290307.1756444443,358082.74888888886,hokkaido
2018-03-31,1308074.5059999998,360144.8,hokkaido
2018-04-30,1318175.5356703296,370211.41538461536,hokkaido
2018-05-31,1328613.2663296703,380613.5846153846,hokkaido
2018-06-30,1338714.296,390680.19999999995,hokkaido
2018-07-31,1359148.3550652175,390841.5347826087,hokkaido
2018-08-31,1379582.4141304349,391002.86956521735,hokkaido
2018-09-30,1399357.31,391159.0,hokkaido
2018-10-31,1407763.7383695652,398280.475,hokkaido
2018-11-30,1415898.9916304348,405172.225,hokkaido
2018-12-31,1424305.42,412293.69999999995,hokkaido
2019-01-31,1444036.7257333333,412520.8266666666,hokkaido
2019-02-28,1461858.5502666666,412725.9733333333,hokkaido
2019-03-31,1481589.856,412953.1,hokkaido
2019-04-30,1502764.061409836,419749.6737704918,hokkaido
2019-05-31,1524644.0736666666,426772.8,hokkaido
2019-06-30,1545818.2790765027,433569.37377049174,hokkaido
2019-07-31,1567698.2913333334,440592.49999999994,hokkaido
2019-08-31,1589578.303590164,447615.62622950814,hokkaido
2019-09-30,1610752.509,454412.19999999995,hokkaido
2019-10-31,1630778.3492826088,455149.2923913043,hokkaido
2019-11-30,1650158.1947173912,455862.60760869563,hokkaido
2019-12-31,1670184.035,456599.69999999995,hokkaido
2020-01-31,1730805.3345274725,485501.7835164835,hokkaido
2020-02-29,1787515.5824725276,512539.2164835165,hokkaido
2020-03-31,1848136.8820000002,541441.3,hokkaido
2020-04-30,1860719.890791209,541986.7395604396,hokkaido
2020-05-31,1873722.3332087914,542550.3604395605,hokkaido
2020-06-30,1886305.3420000002,543095.8,hokkaido
2020-07-31,1917164.4429565219,543234.3902173913,hokkaido
2020-08-31,1948023.5439130436,543372.9804347826,hokkaido
2020-09-30,1977887.19,543507.1,hokkaido
2020-10-31,2015419.7323913043,543612.2304347826,hokkaido
2020-11-30,2051741.5476086957,543713.9695652174,hokkaido
2020-12-31,2089274.09,543819.1,hokkaido
2021-01-31,2097843.87301105,543869.6933701658,hokkaido
2021-02-28,2105584.3221823205,543915.3906077348,hokkaido
2021-03-31,2114154.10519337,543965.9839779006,hokkaido
2021-04-30,2122447.4435911602,544014.9453038673,hokkaido
2021-05-31,2131017.2266022097,544065.5386740331,hokkaido
2021-06-30,2139310.565,544114.5,hokkaido
2021-07-31,2144395.9714565217,552756.4576086956,hokkaido
2021-08-31,2149481.3779130434,561398.4152173913,hokkaido
2021-09-30,2154402.739,569761.6,hokkaido
2021-10-31,2164335.8735652175,573450.8695652173,hokkaido
2021-11-30,2173948.584434782,577021.1304347826,hokkaido
2021-12-31,2183881.7189999996,580710.3999999999,hokkaido
2022-01-31,2188544.911911111,588552.4355555555,hokkaido
2022-02-28,2192756.8280888884,595635.5644444444,hokkaido
2022-03-31,2197420.0209999997,603477.6,hokkaido
2022-04-30,2199845.8358351644,603110.0175824176,hokkaido
2022-05-31,2202352.511164835,602730.1824175824,hokkaido
2022-06-30,2204778.326,602362.6,hokkaido
2022-07-31,2209613.3420869564,602520.0934782609,hokkaido
2022-08-31,2214448.358173913,602677.5869565217,hokkaido
2022-09-30,2219127.406,602830.0,hokkaido
2022-10-31,2225856.4233586956,596020.5467391304,hokkaido
2022-11-30,2232368.3756413045,589430.7532608696,hokkaido
2022-12-31,2239097.393,582621.3,hokkaido
2023-01-31,2243124.782111111,602201.5544444445,hokkaido
2023-02-28,2246762.423888889,619886.9455555556,hokkaido
2023-03-31,2250789.813,639467.2000000001,hokkaido
2023-04-30,2253330.2973956047,701922.6175824177,hokkaido
2023-05-31,2255955.4646043954,766459.8824175824,hokkaido
2023-06-30,2258495.949,828915.3,hokkaido
2023-07-31,2261749.839402174,828286.2695652174,hokkaido
2023-08-31,2265003.7298043477,827657.2391304348,hokkaido
2023-09-30,2268152.656,827048.5,hokkaido
2023-10-31,2272027.3187065218,839519.1597826087,hokkaido
2023-11-30,2275776.992293478,851587.5402173912,hokkaido
2023-12-31,2279651.655,864058.2,hokkaido
2024-01-31,2284147.504945055,1000487.9736263736,hokkaido
2024-02-29,2288353.300054945,1128115.8263736265,hokkaido
2024-03-31,2292849.1500000004,1264545.6,hokkaido
2024-04-30,2297084.698681319,1278815.578021978,hokkaido
2024-05-31,2301461.4323186814,1293561.221978022,hokkaido
2024-06-30,2305696.981,1307831.2,hokkaido
2024-07-31,2309540.2888913043,1305329.5336956521,hokkaido
2024-08-31,2313383.596782609,1302827.8673913043,hokkaido
2024-09-30,2317102.927,1300406.9,hokkaido
2024-10-31,2320354.963130435,1300417.952173913,hokkaido
2024-11-30,2323502.094869565,1300428.647826087,hokkaido
2024-12-31,2326754.131,1300439.7,hokkaido
2025-01-31,2332406.8725,1349659.0544444444,hokkaido
2025-02-28,2337512.5745000006,1394115.2455555557,hokkaido
2025-03-31,2343165.3160000006,1443334.6,hokkaido
2025-04-30,2346836.4120439566,1443263.720879121,hokkaido
2025-05-31,2350629.8779560444,1443190.4791208792,hokkaido
2025-06-30,2354300.9740000004,1443119.6,hokkaido
2025-07-31,2354347.3590978263,1424046.5130434784,hokkaido
2025-08-31,2354393.7441956527,1404973.4260869566,hokkaido
2025-09-30,2354438.6330000004,1386515.6,hokkaido
2025-10-31,2356138.013239131,1395591.3217391304,hokkaido
2025-11-30,2357782.57476087,1404374.2782608697,hokkaido
2025-12-31,2359481.9550000005,1413450.0,hokkaido
2014-06-30,955373.6000000001,749135.0,tohoku
2014-07-31,1010123.070652174,755604.5652173914,tohoku
2014-08-31,1064872.5413043478,762074.1304347826,tohoku
2014-09-30,1117855.9,768335.0,tohoku
2014-10-31,1180869.4989130434,771704.5652173914,tohoku
2014-11-30,1241850.4010869565,774965.4347826086,tohoku
2014-12-31,1304864.0,778335.0,tohoku
2015-01-31,1386298.1066666667,810116.8888888889,tohoku
2015-02-28,1459851.4933333334,838823.1111111111,tohoku
2015-03-31,1541285.6,870605.0,tohoku
2015-04-30,1615743.3252747254,870623.0,tohoku
2015-05-31,1692682.9747252748,870641.6,tohoku
2015-06-30,1767140.7,870659.6,tohoku
2015-07-31,1829797.8663043478,872015.1086956522,tohoku
2015-08-31,1892455.0326086956,873370.6173913043,tohoku
2015-09-30,1953091.0,874682.4,tohoku
2015-10-31,2074134.4423913043,897106.4858695653,tohoku
2015-11-30,2191273.257608696,918807.2141304348,tohoku
2015-12-31,2312316.7,941231.3,tohoku
2016-01-31,2380987.5934065934,942626.3681318682,tohoku
2016-02-29,2445228.1065934068,943931.4318681319,tohoku
2016-03-31,2513899.0,945326.5,tohoku
2016-04-30,2569000.395604396,951776.1373626373,tohoku
2016-05-31,2625938.504395604,958440.7626373626,tohoku
2016-06-30,2681039.9,964890.3999999999,tohoku
2016-07-31,2725099.778804348,974282.641847826,tohoku
2016-08-31,2769159.6576086953,983674.8836956521,tohoku
2016-09-30,2811798.25,992764.1499999999,tohoku
2016-10-31,2855858.1288043475,1002156.391847826,tohoku
2016-11-30,2898496.7211956517,1011245.6581521739,tohoku
2016-12-31,2942556.5999999996,1020637.8999999999,tohoku
2017-01-31,3004876.5199999996,1029495.151111111,tohoku
2017-02-28,3061165.48,1037495.2488888889,tohoku
2017-03-31,3123485.4,1046352.5,tohoku
2017-04-30,3187952.531868132,1047856.3901098901,tohoku
2017-05-31,3254568.5681318683,1049410.40989011,tohoku
2017-06-30,3319035.7,1050914.3,tohoku
2017-07-31,3484896.145652174,1055310.1336956522,tohoku
2017-08-31,3650756.591304348,1059705.9673913044,tohoku
2017-09-30,3811266.7,1063960.0,tohoku
2017-10-31,3813627.552173913,1068870.5010869566,tohoku
2017-11-30,3815912.2478260873,1073622.5989130435,tohoku
2017-12-31,3818273.1,1078533.1,tohoku
2018-01-31,3878053.2933333335,1101838.2455555557,tohoku
2018-02-28,3932048.3066666666,1122888.0544444446,tohoku
2018-03-31,3991828.5,1146193.2000000002,tohoku
2018-04-30,4047413.983516483,1160705.452747253,tohoku
2018-05-31,4104852.3164835162,1175701.4472527474,tohoku
2018-06-30,4160437.7999999993,1190213.7000000002,tohoku
2018-07-31,4245637.155434783,1191458.8554347828,tohoku
2018-08-31,4330836.510869565,1192704.0108695652,tohoku
2018-09-30,4413287.500000001,1193909.0,tohoku
2018-10-31,4516857.388043479,1196923.237826087,tohoku
2018-11-30,4617086.311956523,1199840.242173913,tohoku
2018-12-31,4720656.200000001,1202854.48,tohoku
2019-01-31,4782684.375555556,1210072.8368888889,tohoku
2019-02-28,4838709.824444445,1216592.6431111111,tohoku
2019-03-31,4900738.0,1223811.0,tohoku
2019-04-30,4940441.803278688,1236196.4262295081,tohoku
2019-05-31,4981469.066666667,1248994.7,tohoku
2019-06-30,5021172.869945356,1261380.1262295083,tohoku
2019-07-31,5062200.133333334,1274178.4000000001,tohoku
2019-08-31,5103227.396721313,1286976.673770492,tohoku
2019-09-30,5142931.200000001,1299362.1,tohoku
2019-10-31,5227808.088043479,1321728.1282608695,tohoku
2019-11-30,5309947.011956522,1343372.6717391305,tohoku
2019-12-31,5394823.9,1365738.7,tohoku
2020-01-31,5510980.491208792,1409645.2945054944,tohoku
2020-02-29,5619643.10879121,1450719.2054945054,tohoku
2020-03-31,5735799.700000001,1494625.7999999998,tohoku
2020-04-30,5835705.403296704,1558774.9648351648,tohoku
2020-05-31,5938941.296703297,1625062.435164835,tohoku
2020-06-30,6038847.0,1689211.6,tohoku
2020-07-31,6131397.904347827,1692181.433695652,tohoku
2020-08-31,6223948.8086956525,1695151.2673913043,tohoku
2020-09-30,6313514.200000001,1698025.2999999998,tohoku
2020-10-31,6427597.670652175,1712227.1076086955,tohoku
2020-11-30,6538001.029347827,1725970.7923913044,tohoku
2020-12-31,6652084.500000001,1740172.6,tohoku
2021-01-31,6703669.698895029,1745002.896685083,tohoku
2021-02-28,6750262.781767957,1749365.7453038674,tohoku
2021-03-31,6801847.980662985,1754196.0419889502,tohoku
2021-04-30,6851769.140883979,1758870.5226519336,tohoku
2021-05-31,6903354.339779007,1763700.8193370164,tohoku
2021-06-30,6953275.500000002,1768375.2999999998,tohoku
2021-07-31,6977521.543478263,1768413.3423913042,tohoku
2021-08-31,7001767.586956523,1768451.3847826086,tohoku
2021-09-30,7025231.500000001,1768488.2,tohoku
2021-10-31,7120328.515217393,1795905.6782608696,tohoku
2021-11-30,7212357.8847826095,1822438.7217391303,tohoku
2021-12-31,7307454.900000001,1849856.2,tohoku
2022-01-31,7386146.264444446,1861739.292222222,tohoku
2022-02-28,7457222.335555557,1872472.4077777779,tohoku
2022-03-31,7535913.700000002,1884355.5,tohoku
2022-04-30,7594674.1395604415,1902348.576923077,tohoku
2022-05-31,7655393.260439564,1920941.423076923,tohoku
2022-06-30,7714153.700000003,1938934.5,tohoku
2022-07-31,7799623.0923913075,1942281.8934782608,tohoku
2022-08-31,7885092.484782612,1945629.2869565217,tohoku
2022-09-30,7967804.800000004,1948868.7,tohoku
2022-10-31,8022220.211956525,1909954.6695652173,tohoku
2022-11-30,8074880.288043481,1872295.9304347825,tohoku
2022-12-31,8129295.700000003,1833381.9,tohoku
2023-01-31,8167083.563333336,1927516.982222222,tohoku
2023-02-28,8201214.536666669,2012542.2177777777,tohoku
2023-03-31,8239002.400000002,2106677.3,tohoku
2023-04-30,8316158.70769231,2164834.6076923073,tohoku
2023-05-31,8395886.892307695,2224930.4923076923,tohoku
2023-06-30,8473043.200000003,2283087.8,tohoku
2023-07-31,8511342.183695655,2283211.7326086955,tohoku
2023-08-31,8549641.167391308,2283335.665217391,tohoku
2023-09-30,8586704.700000003,2283455.6,tohoku
2023-10-31,8628319.167391306,2300773.0760869565,tohoku
2023-11-30,8668591.232608698,2317531.9239130435,tohoku
2023-12-31,8710205.700000001,2334849.4,tohoku
2024-01-31,8751642.71868132,2370757.347252747,tohoku
2024-02-29,8790406.381318683,2404348.652747253,tohoku
2024-03-31,8831843.400000002,2440256.6,tohoku
2024-04-30,8843842.213186815,2460220.70989011,tohoku
2024-05-31,8856240.986813188,2480850.29010989,tohoku
2024-06-30,8868239.8,2500814.4,tohoku
2024-07-31,8912177.313043479,2514999.9326086957,tohoku
2024-08-31,8956114.826086957,2529185.465217391,tohoku
2024-09-30,8998635.0,2542913.4,tohoku
2024-10-31,9050097.392391305,2542947.4326086957,tohoku
2024-11-30,9099899.707608696,2542980.367391304,tohoku
2024-12-31,9151362.100000001,2543014.4,tohoku
2025-01-31,9291611.611111112,2561971.4166666665,tohoku
2025-02-28,9418288.588888891,2579093.8833333333,tohoku
2025-03-31,9558538.100000001,2598050.9,tohoku
2025-04-30,9575947.792307694,2651145.526373626,tohoku
2025-05-31,9593937.80769231,2706009.973626374,tohoku
2025-06-30,9611347.500000002,2759104.6,tohoku
2025-07-31,9648247.136956524,2801598.2880434785,tohoku
2025-08-31,9685146.773913044,2844091.9760869564,tohoku
2025-09-30,9720856.100000001,2885214.9,tohoku
2025-10-31,9730782.738043481,2908022.779347826,tohoku
2025-11-30,9740389.161956524,2930094.920652174,tohoku
2025-12-31,9750315.800000004,2952902.8,tohoku
2014-06-30,3262987.067,425217.7,kyushu
2014-07-31,3411404.1560108694,425050.90652173915,kyushu
2014-08-31,3559821.245021739,424884.1130434783,kyushu
2014-09-30,3703450.6859999998,424722.7,kyushu
2014-10-31,3864696.431217391,436718.5206521739,kyushu
2014-11-30,4020740.7007826082,448327.3793478261,kyushu
2014-12-31,4181986.4459999995,460323.2,kyushu
2015-01-31,4381756.678377777,461704.56,kyushu
2015-02-28,4562194.307622222,462952.24,kyushu
2015-03-31,4761964.54,464333.6,kyushu
2015-04-30,4931951.582747253,464336.73186813184,kyushu
2015-05-31,5107604.860252747,464339.9681318681,kyushu
2015-06-30,5277591.903,464343.1,kyushu
2015-07-31,5393360.008336957,467175.6913043478,kyushu
2015-08-31,5509128.113673913,470008.2826086956,kyushu
2015-09-30,5621161.764,472749.5,kyushu
2015-10-31,5723114.530304348,472749.5,kyushu
2015-11-30,5821778.497695653,472749.5,kyushu
2015-12-31,5923731.264,472749.5,kyushu
2016-01-31,6006758.033252748,472752.73626373627,kyushu
2016-02-29,6084428.236747253,472755.76373626373,kyushu
2016-03-31,6167455.006,472759.0,kyushu
2016-04-30,6260159.752263736,473415.04395604396,kyushu
2016-05-31,6355954.656736264,474092.95604395604,kyushu
2016-06-30,6448659.403,474749.0,kyushu
2016-07-31,6517967.72763587,477473.2260869565,kyushu
2016-08-31,6587276.052271739,480197.452173913,kyushu
2016-09-30,6654348.6245,482833.8,kyushu
2016-10-31,6723656.94913587,485558.0260869565,kyushu
2016-11-30,6790729.52136413,488194.37391304347,kyushu
2016-12-31,6860037.846,490918.6,kyushu
2017-01-31,6931713.979333334,492246.7088888889,kyushu
2017-02-28,6996453.712666667,493446.2911111111,kyushu
2017-03-31,7068129.846000001,494774.4,kyushu
2017-04-30,7170900.247648352,494075.1692307693,kyushu
2017-05-31,7277096.329351648,493352.6307692308,kyushu
2017-06-30,7379866.730999999,492653.4,kyushu
2017-07-31,7428491.286684782,493569.9891304348,kyushu
2017-08-31,7477115.842369565,494486.57826086954,kyushu
2017-09-30,7524171.864,495373.6,kyushu
2017-10-31,7570516.887586957,495377.9130434783,kyushu
2017-11-30,7615366.910413044,495382.0869565217,kyushu
2017-12-31,7661711.934,495386.4,kyushu
2018-01-31,7729379.192111111,499136.8144444445,kyushu
2018-02-28,7790498.005888888,502524.28555555554,kyushu
2018-03-31,7858165.263999999,506274.7,kyushu
2018-04-30,7912056.984109889,506339.08461538464,kyushu
2018-05-31,7967745.094890109,506405.6153846154,kyushu
2018-06-30,8021636.8149999995,506470.0,kyushu
2018-07-31,8064326.764380435,506527.8891304348,kyushu
2018-08-31,8107016.713760871,506585.77826086956,kyushu
2018-09-30,8148329.568000003,506641.8,kyushu
2018-10-31,8208728.824032611,508261.085,kyushu
2018-11-30,8267179.716967395,509828.135,kyushu
2018-12-31,8327578.973000003,511447.42000000004,kyushu
2019-01-31,8394816.371333336,511487.9886666667,kyushu
2019-02-28,8455546.924666667,511524.6313333334,kyushu
2019-03-31,8522784.323,511565.2,kyushu
2019-04-30,8576075.2377551,512287.77704918035,kyushu
2019-05-31,8631142.51633537,513034.44,kyushu
2019-06-30,8684433.431090469,513757.01704918034,kyushu
2019-07-31,8739500.709670737,514503.68000000005,kyushu
2019-08-31,8794567.988251008,515250.3429508197,kyushu
2019-09-30,8847858.903006107,515972.92000000004,kyushu
2019-10-31,8918828.606427962,515025.93065217393,kyushu
2019-11-30,8987508.964578146,514109.4893478261,kyushu
2019-12-31,9058478.668000001,513162.5,kyushu
2020-01-31,9170578.943274727,513189.3848351648,kyushu
2020-02-29,9275446.942725277,513214.53516483516,kyushu
2020-03-31,9387547.218000002,513241.42,kyushu
2020-04-30,9535450.097670332,519142.1892307692,kyushu
2020-05-31,9688283.073329672,525239.6507692307,kyushu
2020-06-30,9836185.953000002,531140.4199999999,kyushu
2020-07-31,9903224.607076088,531140.4199999999,kyushu
2020-08-31,9970263.261152176,531140.4199999999,kyushu
2020-09-30,10035139.378000002,531140.4199999999,kyushu
2020-10-31,10084878.243173916,552718.5765217391,kyushu
2020-11-30,10133012.62882609,573600.6634782609,kyushu
2020-12-31,10182751.494000003,595178.8200000001,kyushu
2021-01-31,10231758.865116024,596489.2122651935,kyushu
2021-02-28,10276023.587414367,597672.7923756907,kyushu
2021-03-31,10325030.95853039,598983.184640884,kyushu
2021-04-30,10372457.446707185,600251.3061878454,kyushu
2021-05-31,10421464.817823207,601561.6984530387,kyushu
2021-06-30,10468891.306000004,602829.8200000001,kyushu
2021-07-31,10525501.906467395,605121.3939130435,kyushu
2021-08-31,10582112.506934786,607412.967826087,kyushu
2021-09-30,10636896.959000004,609630.62,kyushu
2021-10-31,10685937.83188044,618789.1656521739,kyushu
2021-11-30,10733396.74111957,627652.2743478261,kyushu
2021-12-31,10782437.614000004,636810.8200000001,kyushu
2022-01-31,10855590.382733338,636800.7622222223,kyushu
2022-02-28,10921663.851266671,636791.6777777778,kyushu
2022-03-31,10994816.620000005,636781.62,kyushu
2022-04-30,11055476.411978027,636781.62,kyushu
2022-05-31,11118158.197021985,636781.62,kyushu
2022-06-30,11178817.989000008,636781.62,kyushu
2022-07-31,11239933.768586963,636788.190652174,kyushu
2022-08-31,11301049.548173921,636794.7613043478,kyushu
2022-09-30,11360193.851000007,636801.12,kyushu
2022-10-31,11387386.33968479,636396.7721739131,kyushu
2022-11-30,11413701.651315223,636005.4678260869,kyushu
2022-12-31,11440894.140000006,635601.12,kyushu
2023-01-31,11493852.442677785,636034.6033333333,kyushu
2023-02-28,11541685.748322228,636426.1366666667,kyushu
2023-03-31,11594644.051000006,636859.62,kyushu
2023-04-30,11647818.102538468,641474.0156043957,kyushu
2023-05-31,11702764.622461544,646242.2243956043,kyushu
2023-06-30,11755938.674000006,650856.62,kyushu
2023-07-31,11797281.024065223,653860.7895652173,kyushu
2023-08-31,11838623.37413044,656864.9591304348,kyushu
2023-09-30,11878632.100000005,659772.22,kyushu
2023-10-31,11923217.042315222,659791.3591304348,kyushu
2023-11-30,11966363.760684788,659809.8808695652,kyushu
2023-12-31,12010948.703000005,659829.02,kyushu
2024-01-31,12047535.901131874,659829.02,kyushu
2024-02-29,12081762.634868136,659829.02,kyushu
2024-03-31,12118349.833000004,659829.02,kyushu
2024-04-30,12150204.294538466,672913.6353846154,kyushu
2024-05-31,12183120.571461542,686434.4046153846,kyushu
2024-06-30,12214975.033000004,699519.02,kyushu
2024-07-31,12230558.57328261,692099.2373913043,kyushu
2024-08-31,12246142.113565218,684679.4547826087,kyushu
2024-09-30,12261222.958999999,677499.02,kyushu
2024-10-31,12286560.053880434,667221.8460869566,kyushu
2024-11-30,12311079.823119566,657276.1939130435,kyushu
2024-12-31,12336416.918000001,646999.02,kyushu
2025-01-31,12370028.964222223,651821.2422222223,kyushu
2025-02-28,12400388.231777778,656176.7977777778,kyushu
2025-03-31,12434000.277999999,660999.02,kyushu
2025-04-30,12426609.700857142,667090.8002197802,kyushu
2025-05-31,12418972.771142855,673385.6397802198,kyushu
2025-06-30,12411582.193999998,679477.4199999999,kyushu
2025-07-31,12439273.096304346,666801.2504347826,kyushu
2025-08-31,12466963.998608693,654125.0808695653,kyushu
2025-09-30,12493761.645999998,641857.8200000001,kyushu
2025-10-31,12520926.127195649,641921.8417391306,kyushu
2025-11-30,12547214.334804345,641983.7982608696,kyushu
2025-12-31,12574378.815999996,642047.8200000001,kyushu
