WACC,資本費(万円/kWh),実効容量収入,κP_cap(円/kW-年),c_req(円/kW-年),θ*
0.05,2.3,0（容量収入なし）,0,19582,3.19
0.05,2.3,0.83万（発動指令）,8300,19582,1.95
0.05,2.3,1.25万（現行・安定電源）,12500,19582,1.32
0.05,2.3,"1.75万（2030年度向けNet CONE 20,911円）",17482,19582,0.58
0.05,2.3,2.5万（上限近傍3万円）,25080,19582,-0.56
0.05,3.0,0（容量収入なし）,0,21829,3.52
0.05,3.0,0.83万（発動指令）,8300,21829,2.28
0.05,3.0,1.25万（現行・安定電源）,12500,21829,1.66
0.05,3.0,"1.75万（2030年度向けNet CONE 20,911円）",17482,21829,0.91
0.05,3.0,2.5万（上限近傍3万円）,25080,21829,-0.22
0.05,4.0,0（容量収入なし）,0,25039,4.0
0.05,4.0,0.83万（発動指令）,8300,25039,2.76
0.05,4.0,1.25万（現行・安定電源）,12500,25039,2.13
0.05,4.0,"1.75万（2030年度向けNet CONE 20,911円）",17482,25039,1.39
0.05,4.0,2.5万（上限近傍3万円）,25080,25039,0.26
0.05,5.0,0（容量収入なし）,0,28249,4.48
0.05,5.0,0.83万（発動指令）,8300,28249,3.24
0.05,5.0,1.25万（現行・安定電源）,12500,28249,2.61
0.05,5.0,"1.75万（2030年度向けNet CONE 20,911円）",17482,28249,1.87
0.05,5.0,2.5万（上限近傍3万円）,25080,28249,0.73
0.05,6.0,0（容量収入なし）,0,31458,4.96
0.05,6.0,0.83万（発動指令）,8300,31458,3.72
0.05,6.0,1.25万（現行・安定電源）,12500,31458,3.09
0.05,6.0,"1.75万（2030年度向けNet CONE 20,911円）",17482,31458,2.35
0.05,6.0,2.5万（上限近傍3万円）,25080,31458,1.21
0.05,6.8,0（容量収入なし）,0,34026,5.34
0.05,6.8,0.83万（発動指令）,8300,34026,4.1
0.05,6.8,1.25万（現行・安定電源）,12500,34026,3.48
0.05,6.8,"1.75万（2030年度向けNet CONE 20,911円）",17482,34026,2.73
0.05,6.8,2.5万（上限近傍3万円）,25080,34026,1.6
0.06,2.3,0（容量収入なし）,0,20221,3.28
0.06,2.3,0.83万（発動指令）,8300,20221,2.04
0.06,2.3,1.25万（現行・安定電源）,12500,20221,1.42
0.06,2.3,"1.75万（2030年度向けNet CONE 20,911円）",17482,20221,0.67
0.06,2.3,2.5万（上限近傍3万円）,25080,20221,-0.46
0.06,3.0,0（容量収入なし）,0,22662,3.65
0.06,3.0,0.83万（発動指令）,8300,22662,2.41
0.06,3.0,1.25万（現行・安定電源）,12500,22662,1.78
0.06,3.0,"1.75万（2030年度向けNet CONE 20,911円）",17482,22662,1.04
0.06,3.0,2.5万（上限近傍3万円）,25080,22662,-0.1
0.06,4.0,0（容量収入なし）,0,26150,4.17
0.06,4.0,0.83万（発動指令）,8300,26150,2.93
0.06,4.0,1.25万（現行・安定電源）,12500,26150,2.3
0.06,4.0,"1.75万（2030年度向けNet CONE 20,911円）",17482,26150,1.56
0.06,4.0,2.5万（上限近傍3万円）,25080,26150,0.42
0.06,5.0,0（容量収入なし）,0,29637,4.69
0.06,5.0,0.83万（発動指令）,8300,29637,3.45
0.06,5.0,1.25万（現行・安定電源）,12500,29637,2.82
0.06,5.0,"1.75万（2030年度向けNet CONE 20,911円）",17482,29637,2.08
0.06,5.0,2.5万（上限近傍3万円）,25080,29637,0.94
0.06,6.0,0（容量収入なし）,0,33124,5.21
0.06,6.0,0.83万（発動指令）,8300,33124,3.97
0.06,6.0,1.25万（現行・安定電源）,12500,33124,3.34
0.06,6.0,"1.75万（2030年度向けNet CONE 20,911円）",17482,33124,2.6
0.06,6.0,2.5万（上限近傍3万円）,25080,33124,1.46
0.06,6.8,0（容量収入なし）,0,35914,5.63
0.06,6.8,0.83万（発動指令）,8300,35914,4.39
0.06,6.8,1.25万（現行・安定電源）,12500,35914,3.76
0.06,6.8,"1.75万（2030年度向けNet CONE 20,911円）",17482,35914,3.02
0.06,6.8,2.5万（上限近傍3万円）,25080,35914,1.88
0.08,2.3,0（容量収入なし）,0,21570,3.48
0.08,2.3,0.83万（発動指令）,8300,21570,2.24
0.08,2.3,1.25万（現行・安定電源）,12500,21570,1.62
0.08,2.3,"1.75万（2030年度向けNet CONE 20,911円）",17482,21570,0.87
0.08,2.3,2.5万（上限近傍3万円）,25080,21570,-0.26
0.08,3.0,0（容量収入なし）,0,24422,3.91
0.08,3.0,0.83万（発動指令）,8300,24422,2.67
0.08,3.0,1.25万（現行・安定電源）,12500,24422,2.04
0.08,3.0,"1.75万（2030年度向けNet CONE 20,911円）",17482,24422,1.3
0.08,3.0,2.5万（上限近傍3万円）,25080,24422,0.16
0.08,4.0,0（容量収入なし）,0,28496,4.52
0.08,4.0,0.83万（発動指令）,8300,28496,3.28
0.08,4.0,1.25万（現行・安定電源）,12500,28496,2.65
0.08,4.0,"1.75万（2030年度向けNet CONE 20,911円）",17482,28496,1.91
0.08,4.0,2.5万（上限近傍3万円）,25080,28496,0.77
0.08,5.0,0（容量収入なし）,0,32570,5.13
0.08,5.0,0.83万（発動指令）,8300,32570,3.89
0.08,5.0,1.25万（現行・安定電源）,12500,32570,3.26
0.08,5.0,"1.75万（2030年度向けNet CONE 20,911円）",17482,32570,2.52
0.08,5.0,2.5万（上限近傍3万円）,25080,32570,1.38
0.08,6.0,0（容量収入なし）,0,36645,5.74
0.08,6.0,0.83万（発動指令）,8300,36645,4.5
0.08,6.0,1.25万（現行・安定電源）,12500,36645,3.87
0.08,6.0,"1.75万（2030年度向けNet CONE 20,911円）",17482,36645,3.12
0.08,6.0,2.5万（上限近傍3万円）,25080,36645,1.99
0.08,6.8,0（容量収入なし）,0,39904,6.22
0.08,6.8,0.83万（発動指令）,8300,39904,4.98
0.08,6.8,1.25万（現行・安定電源）,12500,39904,4.36
0.08,6.8,"1.75万（2030年度向けNet CONE 20,911円）",17482,39904,3.61
0.08,6.8,2.5万（上限近傍3万円）,25080,39904,2.48
