泊,K_wind倍率,K_wind(万kW),K(万kW),π_PF(円/kW-年),π_実現可能(円/kW-年)
なし,0.5,61,0,8107,4815
なし,0.5,61,10,6972,3895
なし,0.5,61,25,4874,2196
なし,0.5,61,50,3179,823
なし,0.5,61,100,777,-1123
なし,0.5,61,150,134,-1644
なし,0.5,61,200,7,-1746
なし,1.0,121,0,8265,4943
なし,1.0,121,10,7144,4035
なし,1.0,121,25,5113,2389
なし,1.0,121,50,3416,1015
なし,1.0,121,100,961,-974
なし,1.0,121,150,198,-1592
なし,1.0,121,200,12,-1742
なし,1.5,182,0,8479,5116
なし,1.5,182,10,7360,4210
なし,1.5,182,25,5385,2610
なし,1.5,182,50,3789,1317
なし,1.5,182,100,1247,-742
なし,1.5,182,150,303,-1507
なし,1.5,182,200,43,-1717
なし,2.0,242,0,8797,5373
なし,2.0,242,10,7693,4480
なし,2.0,242,25,5801,2947
なし,2.0,242,50,4172,1628
なし,2.0,242,100,1613,-446
なし,2.0,242,150,479,-1364
なし,2.0,242,200,116,-1658
なし,3.0,363,0,9639,6055
なし,3.0,363,10,8563,5184
なし,3.0,363,25,6666,3648
なし,3.0,363,50,5122,2397
なし,3.0,363,100,2461,241
なし,3.0,363,150,1178,-798
なし,3.0,363,200,621,-1249
あり,0.5,61,0,8448,5091
あり,0.5,61,10,7365,4214
あり,0.5,61,25,5510,2711
あり,0.5,61,50,3970,1464
あり,0.5,61,100,1448,-579
あり,0.5,61,150,443,-1393
あり,0.5,61,200,152,-1629
あり,1.0,121,0,8690,5287
あり,1.0,121,10,7590,4396
あり,1.0,121,25,5698,2863
あり,1.0,121,50,4177,1631
あり,1.0,121,100,1652,-414
あり,1.0,121,150,577,-1285
あり,1.0,121,200,272,-1532
あり,1.5,182,0,8912,5467
あり,1.5,182,10,7870,4623
あり,1.5,182,25,6011,3117
あり,1.5,182,50,4438,1843
あり,1.5,182,100,1931,-188
あり,1.5,182,150,848,-1065
あり,1.5,182,200,490,-1355
あり,2.0,242,0,9159,5667
あり,2.0,242,10,8109,4816
あり,2.0,242,25,6365,3404
あり,2.0,242,50,4870,2192
あり,2.0,242,100,2323,129
あり,2.0,242,150,1243,-746
あり,2.0,242,200,856,-1058
あり,3.0,363,0,9054,5582
あり,3.0,363,10,8216,4903
あり,3.0,363,25,6679,3658
あり,3.0,363,50,5403,2625
あり,3.0,363,100,3188,830
あり,3.0,363,150,2078,-69
あり,3.0,363,200,1685,-387
