date,pref,solar_kw,wind_kw
2014-06-30,三重県,410061.80000000005,72000.0
2014-06-30,京都府,186682.6,4502.5
2014-06-30,佐賀県,259294.494,42650.0
2014-06-30,兵庫県,706270.666,55100.0
2014-06-30,北海道,385368.946,316686.1
2014-06-30,千葉県,622312.5,66960.0
2014-06-30,和歌山県,155059.09999999998,74660.0
2014-06-30,埼玉県,590992.6,0.0
2014-06-30,大分県,430375.57300000003,11490.0
2014-06-30,大阪府,484249.39999999997,0.0
2014-06-30,奈良県,171354.8,0.0
2014-06-30,宮城県,262964.7,0.0
2014-06-30,宮崎県,391570.891,0.0
2014-06-30,富山県,96405.82200000001,3300.0
2014-06-30,山口県,275133.456,113450.0
2014-06-30,山形県,59920.899999999994,46030.0
2014-06-30,山梨県,221258.4,0.0
2014-06-30,岐阜県,389195.20999999996,9200.0
2014-06-30,岡山県,421969.99199999997,0.0
2014-06-30,岩手県,139369.7,67080.0
2014-06-30,島根県,97498.103,128254.0
2014-06-30,広島県,439861.80899999995,0.0
2014-06-30,徳島県,179534.47699999998,19500.5
2014-06-30,愛媛県,261562.483,67700.0
2014-06-30,愛知県,909637.2,59960.0
2014-06-30,新潟県,100276.6,9075.0
2014-06-30,東京都,331350.82,3650.0
2014-06-30,栃木県,510575.0,0.0
2014-06-30,沖縄県,200404.407,16835.0
2014-06-30,滋賀県,259785.4,1500.0
2014-06-30,熊本県,484230.723,30200.0
2014-06-30,石川県,97683.132,117020.0
2014-06-30,神奈川県,377909.6,6270.0
2014-06-30,福井県,66246.33499999999,20000.0
2014-06-30,福岡県,832979.766,20851.7
2014-06-30,福島県,281167.2,143760.0
2014-06-30,秋田県,40271.1,149030.0
2014-06-30,群馬県,484016.29999999993,340.0
2014-06-30,茨城県,661557.4,97690.0
2014-06-30,長崎県,312445.16599999997,106070.0
2014-06-30,長野県,471448.3,0.0
2014-06-30,青森県,71403.4,334160.0
2014-06-30,静岡県,653912.2,118227.8
2014-06-30,香川県,239437.368,0.0
2014-06-30,高知県,129604.00200000001,36150.0
2014-06-30,鳥取県,110618.82800000001,59100.0
2014-06-30,鹿児島県,552090.454,213956.0
2014-09-30,三重県,464663.5,72000.0
2014-09-30,京都府,207348.5,4502.5
2014-09-30,佐賀県,286898.51399999997,42650.0
2014-09-30,兵庫県,782272.466,55100.0
2014-09-30,北海道,418611.312,316689.1
2014-09-30,千葉県,757810.4,66960.0
2014-09-30,和歌山県,172879.1,74660.0
2014-09-30,埼玉県,651062.0,0.0
2014-09-30,大分県,481714.902,11490.0
2014-09-30,大阪府,541462.4,0.0
2014-09-30,奈良県,192005.3,0.0
2014-09-30,宮城県,293547.8,0.0
2014-09-30,宮崎県,441582.921,0.0
2014-09-30,富山県,112951.953,3300.0
2014-09-30,山口県,318002.675,113450.0
2014-09-30,山形県,73828.3,46030.0
2014-09-30,山梨県,248701.8,0.0
2014-09-30,岐阜県,443777.01,9200.0
2014-09-30,岡山県,472177.551,0.0
2014-09-30,岩手県,165078.6,67080.0
2014-09-30,島根県,108774.49800000002,128254.0
2014-09-30,広島県,488780.98099999997,0.0
2014-09-30,徳島県,209074.11299999998,19500.5
2014-09-30,愛媛県,300297.63600000006,67700.0
2014-09-30,愛知県,987563.3,59960.0
2014-09-30,新潟県,111824.20000000001,28275.0
2014-09-30,東京都,345963.02,3650.0
2014-09-30,栃木県,588234.6,0.0
2014-09-30,沖縄県,220151.21000000002,16835.0
2014-09-30,滋賀県,294145.30000000005,1500.0
2014-09-30,熊本県,546670.393,30200.0
2014-09-30,石川県,112464.519,117020.0
2014-09-30,神奈川県,399952.5,6270.0
2014-09-30,福井県,77057.492,20000.0
2014-09-30,福岡県,956137.2559999999,20851.7
2014-09-30,福島県,333818.5,143760.0
2014-09-30,秋田県,53265.4,149030.0
2014-09-30,群馬県,570651.2000000001,340.0
2014-09-30,茨城県,782785.6,97690.0
2014-09-30,長崎県,348549.15599999996,106070.0
2014-09-30,長野県,530797.3,0.0
2014-09-30,青森県,86493.1,334160.0
2014-09-30,静岡県,729903.2999999999,117997.8
2014-09-30,香川県,280695.102,0.0
2014-09-30,高知県,145603.834,36150.0
2014-09-30,鳥取県,119361.438,59100.0
2014-09-30,鹿児島県,641897.544,213461.0
2014-12-31,三重県,579583.6,72000.0
2014-12-31,京都府,231902.10000000003,4502.5
2014-12-31,佐賀県,326124.634,42650.0
2014-12-31,兵庫県,932826.666,55100.0
2014-12-31,北海道,509065.507,318907.1
2014-12-31,千葉県,876827.5,66960.0
2014-12-31,和歌山県,190719.5,94660.0
2014-12-31,埼玉県,727837.1000000001,0.0
2014-12-31,大分県,524373.632,11490.0
2014-12-31,大阪府,576650.7,0.0
2014-12-31,奈良県,212286.1,0.0
2014-12-31,宮城県,329251.0,0.0
2014-12-31,宮崎県,513418.961,0.0
2014-12-31,富山県,126851.346,3300.0
2014-12-31,山口県,353551.39099999995,113450.0
2014-12-31,山形県,88979.0,46030.0
2014-12-31,山梨県,277568.3,0.0
2014-12-31,岐阜県,497147.31,9200.0
2014-12-31,岡山県,530936.131,0.0
2014-12-31,岩手県,186170.1,67080.0
2014-12-31,島根県,122493.18100000001,128254.0
2014-12-31,広島県,542820.155,0.0
2014-12-31,徳島県,242963.255,19500.5
2014-12-31,愛媛県,355784.483,89300.0
2014-12-31,愛知県,1131806.1,65960.0
2014-12-31,新潟県,135304.8,28275.0
2014-12-31,東京都,361893.31999999995,3650.0
2014-12-31,栃木県,678624.1,0.0
2014-12-31,沖縄県,233873.004,16838.0
2014-12-31,滋賀県,333003.4,1500.0
2014-12-31,熊本県,619646.693,30200.0
2014-12-31,石川県,133540.151,117020.0
2014-12-31,神奈川県,426626.60000000003,6270.0
2014-12-31,福井県,92772.527,20000.0
2014-12-31,福岡県,1062889.0159999998,20851.7
2014-12-31,福島県,381383.0,143760.0
2014-12-31,秋田県,63886.1,149030.0
2014-12-31,群馬県,638478.1,340.0
2014-12-31,茨城県,915707.0999999999,97690.0
2014-12-31,長崎県,388906.436,106070.0
2014-12-31,長野県,596936.5,0.0
2014-12-31,青森県,119890.0,344160.0
2014-12-31,静岡県,820648.1000000001,117997.8
2014-12-31,香川県,314309.058,0.0
2014-12-31,高知県,170347.447,36150.0
2014-12-31,鳥取県,129524.398,59100.0
2014-12-31,鹿児島県,746627.074,249061.5
2015-03-31,三重県,646159.5,72000.0
2015-03-31,京都府,265887.2,4502.5
2015-03-31,佐賀県,354346.314,42650.0
2015-03-31,兵庫県,1051927.766,55100.0
2015-03-31,北海道,603606.656,319907.1
2015-03-31,千葉県,1000139.0,66963.0
2015-03-31,和歌山県,217925.3,94660.0
2015-03-31,埼玉県,792043.1000000001,0.0
2015-03-31,大分県,607825.522,11490.0
2015-03-31,大阪府,614152.6000000001,0.0
2015-03-31,奈良県,238188.7,0.0
2015-03-31,宮城県,395873.2,0.0
2015-03-31,宮崎県,567984.581,0.0
2015-03-31,富山県,142453.95,3300.0
2015-03-31,山口県,399295.494,113450.0
2015-03-31,山形県,95152.5,46030.0
2015-03-31,山梨県,315536.2,0.0
2015-03-31,岐阜県,545975.01,9200.0
2015-03-31,岡山県,586486.5830000001,0.0
2015-03-31,岩手県,206724.2,67080.0
2015-03-31,島根県,132913.821,128254.0
2015-03-31,広島県,610397.963,0.0
2015-03-31,徳島県,313828.60500000004,19500.5
2015-03-31,愛媛県,402795.797,89300.0
2015-03-31,愛知県,1279357.5,65960.0
2015-03-31,新潟県,151183.2,28275.0
2015-03-31,東京都,377439.02,3650.0
2015-03-31,栃木県,791491.3,0.0
2015-03-31,沖縄県,247793.64099999997,16238.0
2015-03-31,滋賀県,373106.4,1500.0
2015-03-31,熊本県,717726.977,30210.4
2015-03-31,石川県,156469.586,124500.0
2015-03-31,神奈川県,461375.7,6270.0
2015-03-31,福井県,109675.036,20000.0
2015-03-31,福岡県,1218382.916,20851.7
2015-03-31,福島県,486578.3,159760.0
2015-03-31,秋田県,72823.3,205300.0
2015-03-31,群馬県,714161.3999999999,340.0
2015-03-31,茨城県,1084258.2,97693.0
2015-03-31,長崎県,440485.51600000006,106070.0
2015-03-31,長野県,664445.8999999999,0.0
2015-03-31,青森県,132950.9,364160.0
2015-03-31,静岡県,921992.1,117997.8
2015-03-31,香川県,354292.28500000003,0.0
2015-03-31,高知県,199129.78,36150.0
2015-03-31,鳥取県,140137.646,59100.0
2015-03-31,鹿児島県,855212.7139999999,253061.5
2015-06-30,三重県,731387.6000000001,72000.0
2015-06-30,京都府,293466.3,4502.5
2015-06-30,佐賀県,384830.722,42650.0
2015-06-30,兵庫県,1195125.666,55100.0
2015-06-30,北海道,656913.9639999999,319907.1
2015-06-30,千葉県,1156431.9,66963.0
2015-06-30,和歌山県,244927.90000000002,94660.0
2015-06-30,埼玉県,860890.7,0.0
2015-06-30,大分県,668288.592,11490.0
2015-06-30,大阪府,656277.0,0.0
2015-06-30,奈良県,268575.0,0.0
2015-06-30,宮城県,463794.3,3.2
2015-06-30,宮崎県,629271.496,0.0
2015-06-30,富山県,151019.59600000002,3300.0
2015-06-30,山口県,438721.348,113450.0
2015-06-30,山形県,104517.0,46033.0
2015-06-30,山梨県,354311.2,0.0
2015-06-30,岐阜県,613434.51,9200.0
2015-06-30,岡山県,651258.341,0.0
2015-06-30,岩手県,232918.7,67080.0
2015-06-30,島根県,142936.456,128254.0
2015-06-30,広島県,672447.629,0.0
2015-06-30,徳島県,346468.19200000004,19500.5
2015-06-30,愛媛県,457085.824,89300.0
2015-06-30,愛知県,1409491.2,65960.0
2015-06-30,新潟県,168678.69999999998,28323.4
2015-06-30,東京都,392662.22,3650.0
2015-06-30,栃木県,927673.9,0.0
2015-06-30,沖縄県,274924.084,16238.0
2015-06-30,滋賀県,420539.39999999997,1500.0
2015-06-30,熊本県,790624.9269999999,30210.4
2015-06-30,石川県,174594.92099999997,124500.0
2015-06-30,神奈川県,497204.10000000003,6270.0
2015-06-30,福井県,116600.98,20000.0
2015-06-30,福岡県,1337863.3059999999,20861.2
2015-06-30,福島県,564705.1,159760.0
2015-06-30,秋田県,80026.9,205300.0
2015-06-30,群馬県,820519.9,340.0
2015-06-30,茨城県,1239410.31,97693.0
2015-06-30,長崎県,510400.12600000005,106070.0
2015-06-30,長野県,725621.4,0.0
2015-06-30,青森県,152500.0,364160.0
2015-06-30,静岡県,1022387.6,134697.8
2015-06-30,香川県,395878.20700000005,0.0
2015-06-30,高知県,225110.081,36150.0
2015-06-30,鳥取県,152888.89800000002,59100.0
2015-06-30,鹿児島県,956312.7339999999,253061.5
2015-09-30,三重県,803331.2000000001,72000.0
2015-09-30,京都府,315518.8,4502.5
2015-09-30,佐賀県,407229.90800000005,42650.0
2015-09-30,兵庫県,1287829.766,55100.0
2015-09-30,北海道,703291.952,319568.89999999997
2015-09-30,千葉県,1274899.2,66963.0
2015-09-30,和歌山県,260920.39999999997,94660.0
2015-09-30,埼玉県,921896.9,0.0
2015-09-30,大分県,706744.6220000001,11496.4
2015-09-30,大阪府,683846.0,0.0
2015-09-30,奈良県,289151.6,0.0
2015-09-30,宮城県,491110.0,6.4
2015-09-30,宮崎県,673166.6059999999,0.0
2015-09-30,富山県,167293.829,3300.0
2015-09-30,山口県,477355.01,113450.0
2015-09-30,山形県,131363.9,46033.0
2015-09-30,山梨県,389330.19999999995,0.0
2015-09-30,岐阜県,666135.11,9200.0
2015-09-30,岡山県,705432.2270000001,0.0
2015-09-30,岩手県,269265.80000000005,67080.0
2015-09-30,島根県,153256.323,128254.0
2015-09-30,広島県,717646.8520000001,0.0
2015-09-30,徳島県,370050.325,19500.5
2015-09-30,愛媛県,494512.13300000003,89300.0
2015-09-30,愛知県,1505172.0,65960.0
2015-09-30,新潟県,195382.89999999997,28343.2
2015-09-30,東京都,404702.62,3650.0
2015-09-30,栃木県,1055834.0,0.0
2015-09-30,沖縄県,283122.253,16238.0
2015-09-30,滋賀県,452343.6,1500.0
2015-09-30,熊本県,831853.637,30210.4
2015-09-30,石川県,194705.149,124500.0
2015-09-30,神奈川県,530593.4,6270.0
2015-09-30,福井県,121055.11599999998,20000.0
2015-09-30,福岡県,1443059.081,20861.2
2015-09-30,福島県,604704.7,159760.0
2015-09-30,秋田県,87068.79999999999,207299.8
2015-09-30,群馬県,893304.9,340.0
2015-09-30,茨城県,1374618.81,103003.0
2015-09-30,長崎県,530995.8859999999,107570.0
2015-09-30,長野県,774354.7,0.0
2015-09-30,青森県,174194.90000000002,366160.0
2015-09-30,静岡県,1091556.1,134697.8
2015-09-30,香川県,431821.10000000003,0.0
2015-09-30,高知県,242626.85700000002,36150.0
2015-09-30,鳥取県,158698.606,59100.0
2015-09-30,鹿児島県,1028112.024,259961.5
2015-12-31,三重県,886565.2000000001,72000.0
2015-12-31,京都府,332757.0,4502.5
2015-12-31,佐賀県,424568.788,42650.0
2015-12-31,兵庫県,1392819.766,55100.0
2015-12-31,北海道,860603.932,319676.69999999995
2015-12-31,千葉県,1387010.3,66963.0
2015-12-31,和歌山県,307365.10000000003,94660.0
2015-12-31,埼玉県,995398.2000000001,0.0
2015-12-31,大分県,729740.892,11496.4
2015-12-31,大阪府,711769.6,0.0
2015-12-31,奈良県,306622.8,0.0
2015-12-31,宮城県,530615.9,6.4
2015-12-31,宮崎県,706767.4360000001,0.0
2015-12-31,富山県,182572.24099999998,3300.0
2015-12-31,山口県,507900.334,113450.0
2015-12-31,山形県,145112.80000000002,46033.0
2015-12-31,山梨県,423093.60000000003,0.0
2015-12-31,岐阜県,727917.51,9200.0
2015-12-31,岡山県,749890.935,0.0
2015-12-31,岩手県,312681.19999999995,67083.2
2015-12-31,島根県,192991.043,128254.0
2015-12-31,広島県,789953.476,0.0
2015-12-31,徳島県,391647.01800000004,19500.5
2015-12-31,愛媛県,517099.559,89300.0
2015-12-31,愛知県,1588515.6,65960.0
2015-12-31,新潟県,212038.5,28382.1
2015-12-31,東京都,417847.22,3650.0
2015-12-31,栃木県,1164643.2,0.0
2015-12-31,沖縄県,291150.868,16238.0
2015-12-31,滋賀県,489286.7,1500.0
2015-12-31,熊本県,874490.857,30210.4
2015-12-31,石川県,207045.549,124500.0
2015-12-31,神奈川県,553501.0,6270.0
2015-12-31,福井県,131799.816,20000.0
2015-12-31,福岡県,1513591.891,20861.2
2015-12-31,福島県,693259.2,159760.0
2015-12-31,秋田県,99029.9,273793.8
2015-12-31,群馬県,973659.7000000001,340.0
2015-12-31,茨城県,1539342.41,103003.0
2015-12-31,長崎県,586394.536,107570.0
2015-12-31,長野県,815506.6,0.0
2015-12-31,青森県,319579.19999999995,366172.8
2015-12-31,静岡県,1179898.6,134700.8
2015-12-31,香川県,456086.119,0.0
2015-12-31,高知県,259587.10499999998,36150.0
2015-12-31,鳥取県,167205.10600000003,59100.0
2015-12-31,鹿児島県,1088176.864,259961.5
2016-03-31,三重県,974797.2999999999,108000.0
2016-03-31,京都府,347307.0,4502.5
2016-03-31,佐賀県,443076.98799999995,42650.0
2016-03-31,兵庫県,1479200.7660000003,55100.0
2016-03-31,北海道,993112.99,319676.69999999995
2016-03-31,千葉県,1540133.7000000002,66963.0
2016-03-31,和歌山県,347518.9,94660.0
2016-03-31,埼玉県,1046299.0,0.0
2016-03-31,大分県,783799.522,11496.4
2016-03-31,大阪府,729010.1000000001,0.0
2016-03-31,奈良県,321072.7,0.0
2016-03-31,宮城県,580691.2,12.8
2016-03-31,宮崎県,733595.896,0.0
2016-03-31,富山県,202680.769,3300.0
2016-03-31,山口県,557085.8420000001,113450.0
2016-03-31,山形県,168627.80000000002,46033.0
2016-03-31,山梨県,440376.60000000003,0.0
2016-03-31,岐阜県,776122.61,9200.0
2016-03-31,岡山県,817531.225,0.0
2016-03-31,岩手県,330877.4,67083.2
2016-03-31,島根県,211346.468,128257.2
2016-03-31,広島県,846993.9959999999,0.0
2016-03-31,徳島県,414689.56200000003,19500.5
2016-03-31,愛媛県,546748.094,96200.0
2016-03-31,愛知県,1690114.5,65960.0
2016-03-31,新潟県,216741.8,28382.1
2016-03-31,東京都,429690.51999999996,3650.0
2016-03-31,栃木県,1284897.5000000002,0.0
2016-03-31,沖縄県,300512.412,16238.0
2016-03-31,滋賀県,511452.5,1500.0
2016-03-31,熊本県,909110.757,30210.4
2016-03-31,石川県,225162.47699999998,124500.0
2016-03-31,神奈川県,572086.4,6270.0
2016-03-31,福井県,141184.196,20000.0
2016-03-31,福岡県,1561531.081,20870.7
2016-03-31,福島県,765784.1,159760.0
2016-03-31,秋田県,113565.9,277843.0
2016-03-31,群馬県,1042888.1,340.0
2016-03-31,茨城県,1693155.31,103000.0
2016-03-31,長崎県,606066.456,107570.0
2016-03-31,長野県,868603.1000000001,0.0
2016-03-31,青森県,337610.8,366212.4
2016-03-31,静岡県,1249488.1,134400.8
2016-03-31,香川県,497082.477,0.0
2016-03-31,高知県,276110.91500000004,36150.0
2016-03-31,鳥取県,176419.50600000002,59100.0
2016-03-31,鹿児島県,1130274.3059999999,259961.5
2016-06-30,三重県,1061140.6,108000.0
2016-06-30,京都府,365541.0,2252.5
2016-06-30,佐賀県,469894.91799999995,42650.0
2016-06-30,兵庫県,1565638.766,55100.0
2016-06-30,北海道,1025536.5549999999,319676.69999999995
2016-06-30,千葉県,1649901.8,67001.7
2016-06-30,和歌山県,377749.89999999997,94660.0
2016-06-30,埼玉県,1102620.5,0.0
2016-06-30,大分県,809107.0819999999,11496.4
2016-06-30,大阪府,748533.7,0.0
2016-06-30,奈良県,339182.1,0.0
2016-06-30,宮城県,610018.2000000001,12.8
2016-06-30,宮崎県,758614.231,0.0
2016-06-30,富山県,206602.58800000002,3300.0
2016-06-30,山口県,602741.811,113450.0
2016-06-30,山形県,173929.7,46047.7
2016-06-30,山梨県,457453.6,0.0
2016-06-30,岐阜県,820806.3099999999,9200.0
2016-06-30,岡山県,875048.285,0.0
2016-06-30,岩手県,361423.4,67083.2
2016-06-30,島根県,224350.493,176687.2
2016-06-30,広島県,900823.502,0.0
2016-06-30,徳島県,440264.643,19500.5
2016-06-30,愛媛県,576543.053,96200.0
2016-06-30,愛知県,1776172.5,65960.0
2016-06-30,新潟県,224183.59999999998,28382.1
2016-06-30,東京都,439768.82,3650.0
2016-06-30,栃木県,1387482.2000000002,0.0
2016-06-30,沖縄県,312554.631,16128.0
2016-06-30,滋賀県,554526.2000000001,1500.0
2016-06-30,熊本県,956831.419,30210.4
2016-06-30,石川県,240580.97699999998,124506.2
2016-06-30,神奈川県,587504.6000000001,6270.0
2016-06-30,福井県,150226.268,20000.0
2016-06-30,福岡県,1642434.331,20870.7
2016-06-30,福島県,801579.3999999999,159760.0
2016-06-30,秋田県,127863.8,277843.0
2016-06-30,群馬県,1106478.8,340.0
2016-06-30,茨城県,1869345.21,103000.0
2016-06-30,長崎県,634536.016,109560.0
2016-06-30,長野県,906171.8999999999,0.0
2016-06-30,青森県,382041.8,385761.6
2016-06-30,静岡県,1311098.5,152770.8
2016-06-30,香川県,515628.723,0.0
2016-06-30,高知県,286924.96200000006,36150.0
2016-06-30,鳥取県,182072.559,59119.6
2016-06-30,鹿児島県,1177241.406,259961.5
2016-12-31,三重県,1220938.4,108000.0
2016-12-31,京都府,398139.0,2252.5
2016-12-31,佐賀県,495946.41799999995,42650.0
2016-12-31,兵庫県,1672539.2659999998,55100.0
2016-12-31,北海道,1092538.417,319784.5
2016-12-31,千葉県,1803006.5999999999,67001.7
2016-12-31,和歌山県,414833.5,94660.0
2016-12-31,埼玉県,1191502.5,0.0
2016-12-31,大分県,855002.8720000001,11580.4
2016-12-31,大阪府,785769.6,0.0
2016-12-31,奈良県,362564.0,0.0
2016-12-31,宮城県,688704.0999999999,32.0
2016-12-31,宮崎県,787050.1610000001,16000.0
2016-12-31,富山県,225970.936,3300.0
2016-12-31,山口県,685498.346,113450.0
2016-12-31,山形県,186072.69999999998,46066.9
2016-12-31,山梨県,487031.20000000007,0.0
2016-12-31,岐阜県,882342.3099999999,9200.0
2016-12-31,岡山県,979288.613,0.0
2016-12-31,岩手県,404822.6,67105.9
2016-12-31,島根県,243776.52399999998,176687.2
2016-12-31,広島県,963243.598,0.0
2016-12-31,徳島県,471725.491,19500.5
2016-12-31,愛媛県,611643.17,96200.0
2016-12-31,愛知県,1895040.7999999998,65972.0
2016-12-31,新潟県,243953.8,27691.7
2016-12-31,東京都,457248.12,3650.0
2016-12-31,栃木県,1534929.0,0.0
2016-12-31,沖縄県,327615.30799999996,17618.0
2016-12-31,滋賀県,594311.3,1500.0
2016-12-31,熊本県,1022485.889,30210.4
2016-12-31,石川県,262511.732,124526.0
2016-12-31,神奈川県,613678.1,6270.0
2016-12-31,福井県,161077.99,20000.0
2016-12-31,福岡県,1715361.774,20870.7
2016-12-31,福島県,869391.8999999999,159805.1
2016-12-31,秋田県,147416.4,334027.6
2016-12-31,群馬県,1252841.3,343.0
2016-12-31,茨城県,2109069.1100000003,103000.0
2016-12-31,長崎県,689344.2760000001,109569.6
2016-12-31,長野県,983950.0,0.0
2016-12-31,青森県,402195.1,385908.7
2016-12-31,静岡県,1432535.0,152819.8
2016-12-31,香川県,550489.359,0.0
2016-12-31,高知県,307224.593,36150.0
2016-12-31,鳥取県,203161.339,59119.6
2016-12-31,鹿児島県,1294846.4559999998,260037.5
2017-03-31,三重県,1280226.0999999999,180000.0
2017-03-31,京都府,405966.4,2252.5
2017-03-31,佐賀県,507046.218,42650.0
2017-03-31,兵庫県,1743640.5659999999,55100.0
2017-03-31,北海道,1127205.317,353921.69999999995
2017-03-31,千葉県,1866950.4,67011.5
2017-03-31,和歌山県,426593.79999999993,94660.0
2017-03-31,埼玉県,1222724.9,0.0
2017-03-31,大分県,867207.172,11602.8
2017-03-31,大阪府,799620.7,0.0
2017-03-31,奈良県,392981.0,0.0
2017-03-31,宮城県,729666.6,7531.6
2017-03-31,宮崎県,831671.6610000001,16000.0
2017-03-31,富山県,234120.836,3300.0
2017-03-31,山口県,715320.9460000001,113450.0
2017-03-31,山形県,187968.30000000002,45266.9
2017-03-31,山梨県,498625.0,0.0
2017-03-31,岐阜県,920194.9099999999,9203.0
2017-03-31,岡山県,1065207.013,0.0
2017-03-31,岩手県,415357.9,67125.1
2017-03-31,島根県,261988.02399999998,176687.2
2017-03-31,広島県,1004907.6979999999,0.0
2017-03-31,徳島県,489712.50299999997,19520.1
2017-03-31,愛媛県,626694.0040000001,96226.6
2017-03-31,愛知県,1961778.4000000001,65988.8
2017-03-31,新潟県,247735.2,27708.2
2017-03-31,東京都,467022.1,3650.0
2017-03-31,栃木県,1567655.7,0.0
2017-03-31,沖縄県,336966.508,17618.0
2017-03-31,滋賀県,607360.1000000001,1500.0
2017-03-31,熊本県,1049227.289,30210.4
2017-03-31,石川県,307080.73199999996,124526.0
2017-03-31,神奈川県,630188.7000000001,6270.0
2017-03-31,福井県,168044.59000000003,28000.0
2017-03-31,福岡県,1756840.974,24870.7
2017-03-31,福島県,891229.1,159824.3
2017-03-31,秋田県,169245.3,352627.0
2017-03-31,群馬県,1304277.1,343.0
2017-03-31,茨城県,2180000.1100000003,104990.0
2017-03-31,長崎県,707508.0760000001,109383.8
2017-03-31,長野県,1013551.5000000001,0.0
2017-03-31,青森県,482283.0,386269.4
2017-03-31,静岡県,1520107.5999999999,152829.6
2017-03-31,香川県,580714.8189999999,0.0
2017-03-31,高知県,338367.00700000004,35900.0
2017-03-31,鳥取県,213226.439,59119.6
2017-03-31,鹿児島県,1348628.456,260056.7
2017-06-30,三重県,1376634.0999999996,180019.8
2017-06-30,京都府,417259.80000000005,2252.5
2017-06-30,佐賀県,520139.7119999999,40709.1
2017-06-30,兵庫県,1847727.1660000002,55100.0
2017-06-30,北海道,1196341.203,353980.5
2017-06-30,千葉県,1976455.5000000005,67031.0
2017-06-30,和歌山県,450232.7,94660.0
2017-06-30,埼玉県,1272238.600000001,0.0
2017-06-30,大分県,888845.5239999996,11230.4
2017-06-30,大阪府,818504.8,0.0
2017-06-30,奈良県,410509.2000000001,0.0
2017-06-30,宮城県,763842.2000000001,7551.4
2017-06-30,宮崎県,877479.3109999995,16000.0
2017-06-30,富山県,240780.67099999997,3300.0
2017-06-30,山口県,731576.107,113450.0
2017-06-30,山形県,190228.69999999998,45257.1
2017-06-30,山梨県,513956.09999999986,0.0
2017-06-30,岐阜県,967579.9099999999,9203.0
2017-06-30,岡山県,1103189.7649999997,0.0
2017-06-30,岩手県,436071.8,67144.3
2017-06-30,島根県,273543.124,176106.7
2017-06-30,広島県,1035008.8150000002,0.0
2017-06-30,徳島県,508472.39800000016,19520.1
2017-06-30,愛媛県,641166.6540000002,96226.6
2017-06-30,愛知県,2046631.8999999985,66068.0
2017-06-30,新潟県,252301.79999999996,27688.4
2017-06-30,東京都,475591.9199999997,3650.0
2017-06-30,栃木県,1660751.5,0.0
2017-06-30,沖縄県,345637.0840000001,17635.8
2017-06-30,滋賀県,629890.9,1500.0
2017-06-30,熊本県,1113839.777,30210.4
2017-06-30,石川県,314429.908,124526.0
2017-06-30,神奈川県,643040.0999999999,4770.0
2017-06-30,福井県,170864.90599999993,28000.0
2017-06-30,福岡県,1822882.697,24870.7
2017-06-30,福島県,999979.4000000001,159843.8
2017-06-30,秋田県,173301.0,356877.4
2017-06-30,群馬県,1424721.2,343.0
2017-06-30,茨城県,2330575.7,104990.0
2017-06-30,長崎県,726644.2419999999,109546.7
2017-06-30,長野県,1060142.9,0.0
2017-06-30,青森県,503310.8,386551.9
2017-06-30,静岡県,1593044.4000000008,150917.9
2017-06-30,香川県,599779.0869999999,0.0
2017-06-30,高知県,345674.95200000005,35939.6
2017-06-30,鳥取県,216805.71000000005,59119.6
2017-06-30,鹿児島県,1430035.4679999999,260086.1
2017-09-30,三重県,1404730.0999999999,202019.8
2017-09-30,京都府,452527.60000000003,2252.5
2017-09-30,佐賀県,525615.938,42708.6
2017-09-30,兵庫県,1883911.766,55100.0
2017-09-30,北海道,1244231.906,354000.1
2017-09-30,千葉県,2033507.6,67031.0
2017-09-30,和歌山県,482750.19999999995,94660.0
2017-09-30,埼玉県,1301481.2,0.0
2017-09-30,大分県,900926.386,11739.6
2017-09-30,大阪府,834659.1,0.0
2017-09-30,奈良県,419061.60000000003,0.0
2017-09-30,宮城県,875931.2000000001,7551.4
2017-09-30,宮崎県,888706.491,16000.0
2017-09-30,富山県,246173.17700000003,3300.0
2017-09-30,山口県,762822.8840000001,113450.0
2017-09-30,山形県,198398.1,61186.1
2017-09-30,山梨県,524108.80000000005,0.0
2017-09-30,岐阜県,987250.81,9203.0
2017-09-30,岡山県,1125025.558,0.0
2017-09-30,岩手県,520900.60000000003,67144.3
2017-09-30,島根県,282172.95499999996,176706.7
2017-09-30,広島県,1055351.9239999999,0.0
2017-09-30,徳島県,519675.30999999994,19520.1
2017-09-30,愛媛県,661519.466,96226.6
2017-09-30,愛知県,2079872.6,66068.0
2017-09-30,新潟県,260813.99999999997,27688.4
2017-09-30,東京都,481320.02,3650.0
2017-09-30,栃木県,1698187.2000000002,0.0
2017-09-30,沖縄県,354615.461,17656.0
2017-09-30,滋賀県,647231.8,1500.0
2017-09-30,熊本県,1128000.7270000002,30210.4
2017-09-30,石川県,323280.975,124526.0
2017-09-30,神奈川県,651580.4,6270.0
2017-09-30,福井県,174491.33200000002,28000.0
2017-09-30,福岡県,1847420.394,24870.7
2017-09-30,福島県,1158549.7000000002,159862.8
2017-09-30,秋田県,195004.1,353320.8
2017-09-30,群馬県,1441820.9000000001,343.0
2017-09-30,茨城県,2416607.71,104990.0
2017-09-30,長崎県,733347.962,109719.8
2017-09-30,長野県,1091206.7,0.0
2017-09-30,青森県,601669.0,387206.2
2017-09-30,静岡県,1625605.6,152936.2
2017-09-30,香川県,620403.311,0.0
2017-09-30,高知県,351464.862,35939.6
2017-09-30,鳥取県,238905.114,59119.6
2017-09-30,鹿児島県,1500153.966,260124.5
2017-12-31,三重県,1444876.2,202039.3
2017-12-31,京都府,459402.19999999995,2252.5
2017-12-31,佐賀県,539524.118,42708.6
2017-12-31,兵庫県,1918189.266,55100.0
2017-12-31,北海道,1256491.9340000001,354158.19999999995
2017-12-31,千葉県,2089539.0,67031.0
2017-12-31,和歌山県,491668.7,94679.0
2017-12-31,埼玉県,1327245.5999999999,0.0
2017-12-31,大分県,917668.5959999999,11739.6
2017-12-31,大阪府,845149.9,0.0
2017-12-31,奈良県,427112.2,0.0
2017-12-31,宮城県,852352.6000000001,7551.4
2017-12-31,宮崎県,906337.5210000001,16000.0
2017-12-31,富山県,255764.04700000002,3300.0
2017-12-31,山口県,804099.872,113469.5
2017-12-31,山形県,204004.2,61186.1
2017-12-31,山梨県,530479.4,0.0
2017-12-31,岐阜県,1006639.2100000001,9203.0
2017-12-31,岡山県,1141467.874,0.0
2017-12-31,岩手県,521597.8,67183.3
2017-12-31,島根県,297232.309,176904.9
2017-12-31,広島県,1082430.1099999999,0.0
2017-12-31,徳島県,533998.72,19520.1
2017-12-31,愛媛県,671196.735,96226.6
2017-12-31,愛知県,2111577.6,66068.0
2017-12-31,新潟県,264778.69999999995,27688.4
2017-12-31,東京都,488888.02,3650.0
2017-12-31,栃木県,1755297.5,0.0
2017-12-31,沖縄県,357035.335,17656.0
2017-12-31,滋賀県,654840.3,1500.0
2017-12-31,熊本県,1143903.147,30210.4
2017-12-31,石川県,338293.767,124526.0
2017-12-31,神奈川県,662605.2999999999,6270.0
2017-12-31,福井県,177503.244,28000.0
2017-12-31,福岡県,1866054.1139999998,24870.7
2017-12-31,福島県,1158333.8,159882.6
2017-12-31,秋田県,210271.4,367282.2
2017-12-31,群馬県,1547419.7,343.0
2017-12-31,茨城県,2556571.3099999996,104990.0
2017-12-31,長崎県,748783.3720000001,109732.6
2017-12-31,長野県,1150510.4,0.0
2017-12-31,青森県,606934.6,387759.1
2017-12-31,静岡県,1695543.0,152936.2
2017-12-31,香川県,631618.5449999999,0.0
2017-12-31,高知県,362520.637,35979.2
2017-12-31,鳥取県,242785.664,59119.6
2017-12-31,鹿児島県,1539441.0659999999,260124.5
2018-03-31,三重県,1503344.3,202039.3
2018-03-31,京都府,467947.69999999995,2252.5
2018-03-31,佐賀県,547466.538,46688.6
2018-03-31,兵庫県,1952167.266,55100.0
2018-03-31,北海道,1308074.5059999998,360144.8
2018-03-31,千葉県,2138343.5,67118.5
2018-03-31,和歌山県,505830.39999999997,94679.0
2018-03-31,埼玉県,1353391.5000000002,0.0
2018-03-31,大分県,928116.4859999999,11815.6
2018-03-31,大阪府,872731.8999999999,0.0
2018-03-31,奈良県,437507.9,0.0
2018-03-31,宮城県,884591.3999999999,7570.9
2018-03-31,宮崎県,984892.1909999998,16097.5
2018-03-31,富山県,260803.48299999998,3300.0
2018-03-31,山口県,813072.5789999999,113488.5
2018-03-31,山形県,208517.7,61265.3
2018-03-31,山梨県,537489.2999999998,0.0
2018-03-31,岐阜県,1032078.5299999998,9203.0
2018-03-31,岡山県,1186957.435,0.0
2018-03-31,岩手県,530268.1,92502.8
2018-03-31,島根県,303164.505,178294.9
2018-03-31,広島県,1102574.9490000003,0.0
2018-03-31,徳島県,545652.91,19520.1
2018-03-31,愛媛県,683110.7660000001,96226.6
2018-03-31,愛知県,2153901.5,66086.0
2018-03-31,新潟県,266905.80000000005,27688.4
2018-03-31,東京都,499815.82000000007,3650.0
2018-03-31,栃木県,1783100.2999999998,0.0
2018-03-31,沖縄県,362214.27100000007,17656.0
2018-03-31,滋賀県,663370.6000000001,1500.0
2018-03-31,熊本県,1165235.7270000002,30210.4
2018-03-31,石川県,343449.24899999995,124526.0
2018-03-31,神奈川県,673198.7,6270.0
2018-03-31,福井県,181873.032,28000.0
2018-03-31,福岡県,1896042.494,31470.7
2018-03-31,福島県,1279594.9000000001,169302.1
2018-03-31,秋田県,211278.8,367493.8
2018-03-31,群馬県,1582004.5999999992,343.0
2018-03-31,茨城県,2632458.55,104990.0
2018-03-31,長崎県,758310.1619999997,109770.8
2018-03-31,長野県,1196554.0999999999,0.0
2018-03-31,青森県,610671.7999999999,420369.9
2018-03-31,静岡県,1727427.400000001,152975.2
2018-03-31,香川県,643879.1109999999,0.0
2018-03-31,高知県,367695.562,68979.2
2018-03-31,鳥取県,245439.814,59119.6
2018-03-31,鹿児島県,1578101.6659999997,260221.1
2018-06-30,三重県,1582152.3,202039.3
2018-06-30,京都府,473932.0000000001,2252.5
2018-06-30,佐賀県,571440.7279999999,46708.1
2018-06-30,兵庫県,2009207.9660000002,55100.0
2018-06-30,北海道,1338714.296,390680.19999999995
2018-06-30,千葉県,2233428.5,67147.5
2018-06-30,和歌山県,533199.7999999999,120679.0
2018-06-30,埼玉県,1382356.0999999999,0.0
2018-06-30,大分県,943728.4859999999,11815.6
2018-06-30,大阪府,885632.4000000001,0.0
2018-06-30,奈良県,447287.0,0.0
2018-06-30,宮城県,927944.9999999998,7590.4
2018-06-30,宮崎県,1004314.7609999998,16097.5
2018-06-30,富山県,266536.08799999993,3300.0
2018-06-30,山口県,877662.1410000002,113488.5
2018-06-30,山形県,210692.6,61294.6
2018-06-30,山梨県,548714.5999999999,12.8
2018-06-30,岐阜県,1068813.33,9203.0
2018-06-30,岡山県,1217012.6550000003,0.0
2018-06-30,岩手県,562899.7,92502.8
2018-06-30,島根県,309760.06600000005,178307.7
2018-06-30,広島県,1130840.5850000004,0.0
2018-06-30,徳島県,562217.6460000001,19520.1
2018-06-30,愛媛県,693613.0610000002,96286.0
2018-06-30,愛知県,2212151.7,66086.0
2018-06-30,新潟県,269827.7999999999,27688.4
2018-06-30,東京都,506211.21999999986,3650.0
2018-06-30,栃木県,1886787.7000000002,0.0
2018-06-30,沖縄県,367596.40100000007,17656.0
2018-06-30,滋賀県,677352.1,1500.0
2018-06-30,熊本県,1200290.3470000005,30210.4
2018-06-30,石川県,365435.349,124526.0
2018-06-30,神奈川県,683057.2,6270.0
2018-06-30,福井県,186997.693,28000.0
2018-06-30,福岡県,1919055.7580000004,31470.7
2018-06-30,福島県,1359921.3999999997,169302.1
2018-06-30,秋田県,215400.8,411231.5
2018-06-30,群馬県,1646390.4000000001,346.2
2018-06-30,茨城県,2761573.75,106970.0
2018-06-30,長崎県,771450.5819999998,109849.2
2018-06-30,長野県,1227084.1,0.0
2018-06-30,青森県,613750.5000000001,420603.9
2018-06-30,静岡県,1772632.7,153168.2
2018-06-30,香川県,656733.288,19.8
2018-06-30,高知県,382076.71700000006,69117.8
2018-06-30,鳥取県,275752.41400000005,59119.6
2018-06-30,鹿児島県,1611356.1529999997,260318.5
2018-09-30,三重県,1633447.0999999996,202058.8
2018-09-30,京都府,482264.4000000003,2252.5
2018-09-30,佐賀県,577305.008,46708.1
2018-09-30,兵庫県,2050322.1660000007,55100.0
2018-09-30,北海道,1399357.31,391159.0
2018-09-30,千葉県,2280587.4,67177.0
2018-09-30,和歌山県,542909.5,120679.0
2018-09-30,埼玉県,1409312.7,0.0
2018-09-30,大分県,959191.2060000002,11831.6
2018-09-30,大阪府,897826.3000000004,0.0
2018-09-30,奈良県,456707.10000000003,0.0
2018-09-30,宮城県,1045260.5000000001,7629.2
2018-09-30,宮崎県,1017980.6780000001,16097.5
2018-09-30,富山県,269870.256,3300.0
2018-09-30,山口県,898395.0889999999,113488.5
2018-09-30,山形県,216509.7,63284.6
2018-09-30,山梨県,557473.7999999998,12.8
2018-09-30,岐阜県,1094261.3300000003,9203.0
2018-09-30,岡山県,1249460.0089999998,0.0
2018-09-30,岩手県,588706.1000000001,92918.6
2018-09-30,島根県,313119.65099999995,178424.7
2018-09-30,広島県,1168953.1080000002,0.0
2018-09-30,徳島県,574974.7509999999,19520.1
2018-09-30,愛媛県,704854.6600000004,96325.6
2018-09-30,愛知県,2247834.8000000003,66086.0
2018-09-30,新潟県,319298.99999999994,27688.4
2018-09-30,東京都,513157.3199999998,3650.0
2018-09-30,栃木県,1908182.6000000003,0.0
2018-09-30,沖縄県,370888.1980000001,17656.0
2018-09-30,滋賀県,690932.4999999999,1500.0
2018-09-30,熊本県,1227122.751000001,30210.4
2018-09-30,石川県,379950.93700000003,124526.0
2018-09-30,神奈川県,690358.6999999998,4770.0
2018-09-30,福井県,191304.08,28000.0
2018-09-30,福岡県,1946157.0280000009,31470.7
2018-09-30,福島県,1395186.6000000006,169302.1
2018-09-30,秋田県,227047.5,411992.7
2018-09-30,群馬県,1682358.5999999996,346.2
2018-09-30,茨城県,2839709.85,106970.1
2018-09-30,長崎県,781464.1019999997,109985.6
2018-09-30,長野県,1256324.5,0.0
2018-09-30,青森県,621278.1,421093.4
2018-09-30,静岡県,1808348.9000000008,153186.2
2018-09-30,香川県,671382.454,58.8
2018-09-30,高知県,387321.66000000003,69197.0
2018-09-30,鳥取県,278713.96099999995,59119.6
2018-09-30,鹿児島県,1639108.7950000006,260337.9
2018-12-31,三重県,1683691.3999999997,202058.8
2018-12-31,京都府,492270.00000000035,2252.5
2018-12-31,佐賀県,587930.069,44740.9
2018-12-31,兵庫県,2127507.466000001,55100.0
2018-12-31,北海道,1424305.42,412293.69999999995
2018-12-31,千葉県,2363832.6,67177.0
2018-12-31,和歌山県,566223.8,120679.0
2018-12-31,埼玉県,1439504.2999999998,0.0
2018-12-31,大分県,996466.2660000003,11361.1
2018-12-31,大阪府,915906.5000000005,0.0
2018-12-31,奈良県,466295.0,0.0
2018-12-31,宮城県,1174908.4000000004,7629.2
2018-12-31,宮崎県,1053189.827,16097.5
2018-12-31,富山県,276145.912,3300.0
2018-12-31,山口県,911437.5909999999,114988.5
2018-12-31,山形県,224254.80000000002,63294.0
2018-12-31,山梨県,576313.5999999999,0.0
2018-12-31,岐阜県,1114892.8300000003,9203.0
2018-12-31,岡山県,1473379.4020000002,0.0
2018-12-31,岩手県,606359.7,93155.9
2018-12-31,島根県,316611.1,178424.7
2018-12-31,広島県,1193278.418,0.0
2018-12-31,徳島県,587642.0099999999,19520.1
2018-12-31,愛媛県,714419.9720000004,96563.2
2018-12-31,愛知県,2301295.1000000006,66145.4
2018-12-31,新潟県,322285.69999999995,27688.4
2018-12-31,東京都,522441.4199999998,3650.0
2018-12-31,栃木県,1941363.8,0.0
2018-12-31,沖縄県,377603.764,17656.0
2018-12-31,滋賀県,711777.3999999999,1500.0
2018-12-31,熊本県,1268122.491000001,30210.4
2018-12-31,石川県,455397.855,124526.0
2018-12-31,神奈川県,699997.8000000004,4770.0
2018-12-31,福井県,201442.72499999995,28000.0
2018-12-31,福岡県,1968720.285000001,31470.7
2018-12-31,福島県,1498900.3000000005,169302.1
2018-12-31,秋田県,263650.60000000003,419905.7
2018-12-31,群馬県,1727871.9999999998,346.2
2018-12-31,茨城県,2898003.25,106970.0
2018-12-31,長崎県,788356.0559999997,117033.12
2018-12-31,長野県,1281978.9200000002,0.0
2018-12-31,青森県,630296.7,421879.18
2018-12-31,静岡県,1856104.1000000008,151236.2
2018-12-31,香川県,687163.3660000002,58.8
2018-12-31,高知県,391092.3730000001,69197.0
2018-12-31,鳥取県,283252.69399999996,59119.6
2018-12-31,鹿児島県,1664793.9790000005,260533.7
2019-03-31,三重県,1840598.6,202060.0
2019-03-31,京都府,504305.6000000001,2253.0
2019-03-31,佐賀県,596857.869,44741.0
2019-03-31,兵庫県,2183698.2660000003,55100.0
2019-03-31,北海道,1481589.856,412953.1
2019-03-31,千葉県,2426984.9,69578.0
2019-03-31,和歌山県,597650.7,120719.0
2019-03-31,埼玉県,1484136.3199999998,0.0
2019-03-31,大分県,1048063.036,11360.0
2019-03-31,大阪府,939392.0000000002,0.0
2019-03-31,奈良県,486273.3,0.0
2019-03-31,宮城県,1259756.0,7630.0
2019-03-31,宮崎県,1090159.397,16098.0
2019-03-31,富山県,283716.922,3300.0
2019-03-31,山口県,934961.783,114989.0
2019-03-31,山形県,244832.6,63315.0
2019-03-31,山梨県,585347.3,13.0
2019-03-31,岐阜県,1137266.41,9203.0
2019-03-31,岡山県,1521894.1430000002,0.0
2019-03-31,岩手県,637974.0,93215.0
2019-03-31,島根県,322453.58900000004,178445.0
2019-03-31,広島県,1233980.926,0.0
2019-03-31,徳島県,603522.01,19521.0
2019-03-31,愛媛県,745125.0230000002,96622.0
2019-03-31,愛知県,2359648.5,66232.0
2019-03-31,新潟県,325593.5,27690.0
2019-03-31,東京都,535138.9199999999,3650.0
2019-03-31,栃木県,2019811.7000000002,0.0
2019-03-31,沖縄県,382168.27999999997,17656.0
2019-03-31,滋賀県,727475.9,1500.0
2019-03-31,熊本県,1287207.5510000002,30230.0
2019-03-31,石川県,475134.845,124526.0
2019-03-31,神奈川県,723989.2999999997,4770.0
2019-03-31,福井県,204154.22499999998,28000.0
2019-03-31,福岡県,1991854.2550000004,31471.2
2019-03-31,福島県,1529309.1,169284.0
2019-03-31,秋田県,265677.4,440324.0
2019-03-31,群馬県,1776946.3,346.0
2019-03-31,茨城県,2974285.61,106970.0
2019-03-31,長崎県,807971.5559999999,117092.0
2019-03-31,長野県,1319194.0,0.0
2019-03-31,青森県,637595.4,422353.0
2019-03-31,静岡県,1931540.9000000001,151353.8
2019-03-31,香川県,700130.481,59.0
2019-03-31,高知県,395851.20000000007,69256.0
2019-03-31,鳥取県,286809.49,58520.0
2019-03-31,鹿児島県,1700670.659,260573.0
2019-09-30,三重県,1940734.5999999994,202058.8
2019-09-30,京都府,521572.1000000004,2252.5
2019-09-30,佐賀県,613482.319,44740.9
2019-09-30,兵庫県,2275375.4660000005,55100.0
2019-09-30,北海道,1610752.509,454412.19999999995
2019-09-30,千葉県,2580771.6,69596.8
2019-09-30,和歌山県,622999.2000000001,120721.3
2019-09-30,埼玉県,1543037.42,0.0
2019-09-30,大分県,1069047.6560000002,11396.9
2019-09-30,大阪府,967540.7000000004,0.0
2019-09-30,奈良県,502111.89999999997,0.0
2019-09-30,宮城県,1303683.5000000002,7649.0
2019-09-30,宮崎県,1126229.3690000002,16097.5
2019-09-30,富山県,292853.6269999999,3300.0
2019-09-30,山口県,988549.0919999998,118988.5
2019-09-30,山形県,253247.7,65313.0
2019-09-30,山梨県,603473.1999999998,12.8
2019-09-30,岐阜県,1240043.2100000004,9203.0
2019-09-30,岡山県,1577336.4160000004,0.0
2019-09-30,岩手県,722975.6,111215.0
2019-09-30,島根県,332430.01399999997,178444.2
2019-09-30,広島県,1293785.806,0.0
2019-09-30,徳島県,632952.6619999999,19520.1
2019-09-30,愛媛県,771138.7720000003,112721.6
2019-09-30,愛知県,2478968.8999999994,64771.0
2019-09-30,新潟県,334080.0,27688.4
2019-09-30,東京都,549819.0199999998,3650.0
2019-09-30,栃木県,2088208.0999999999,0.0
2019-09-30,沖縄県,390039.55000000005,17675.0
2019-09-30,滋賀県,754225.4999999999,1500.0
2019-09-30,熊本県,1369145.6110000007,30249.7
2019-09-30,石川県,493409.937,124526.0
2019-09-30,神奈川県,747106.2000000005,4770.0
2019-09-30,福井県,210288.61099999992,28000.0
2019-09-30,福岡県,2047253.310006105,31470.7
2019-09-30,福島県,1576554.9000000006,169302.1
2019-09-30,秋田県,270458.39999999997,460474.5
2019-09-30,群馬県,1873658.8000000003,56.0
2019-09-30,茨城県,3106677.11,108960.0
2019-09-30,長崎県,850363.6609999996,121346.52
2019-09-30,長野県,1374969.0,0.0
2019-09-30,青森県,681931.0999999999,457720.1
2019-09-30,静岡県,2006131.4000000013,151392.9
2019-09-30,香川県,723637.2870000002,58.5
2019-09-30,高知県,425355.03500000003,87626.4
2019-09-30,鳥取県,307808.16000000003,58519.6
2019-09-30,鹿児島県,1772336.9770000004,260670.7
2019-12-31,三重県,2011462.3999999992,199058.8
2019-12-31,京都府,537282.8000000003,2252.5
2019-12-31,佐賀県,619505.919,44740.9
2019-12-31,兵庫県,2303932.766000001,55100.0
2019-12-31,北海道,1670184.035,456599.69999999995
2019-12-31,千葉県,2640856.4,69596.8
2019-12-31,和歌山県,633163.2000000001,120740.8
2019-12-31,埼玉県,1570767.97,0.0
2019-12-31,大分県,1099974.2460000003,11396.9
2019-12-31,大阪府,983762.7000000004,0.0
2019-12-31,奈良県,513731.9,0.0
2019-12-31,宮城県,1363084.5000000002,28049.0
2019-12-31,宮崎県,1160930.7790000003,16097.5
2019-12-31,富山県,298858.19299999997,3300.0
2019-12-31,山口県,1009371.4559999999,118988.5
2019-12-31,山形県,258277.1,65313.0
2019-12-31,山梨県,615151.3999999997,12.8
2019-12-31,岐阜県,1268135.3100000003,9203.0
2019-12-31,岡山県,1750639.958,0.0
2019-12-31,岩手県,797184.8999999999,111215.0
2019-12-31,島根県,334058.571,178444.2
2019-12-31,広島県,1339137.4310000003,0.0
2019-12-31,徳島県,648732.4469999999,19520.1
2019-12-31,愛媛県,783007.0520000004,112721.6
2019-12-31,愛知県,2524143.6999999997,64791.6
2019-12-31,新潟県,337318.9,27482.6
2019-12-31,東京都,558686.8199999996,3650.0
2019-12-31,栃木県,2135690.1,0.0
2019-12-31,沖縄県,393202.86000000004,17675.0
2019-12-31,滋賀県,780622.2000000002,1500.0
2019-12-31,熊本県,1385812.2210000008,28449.7
2019-12-31,石川県,502637.903,124526.0
2019-12-31,神奈川県,758943.3000000019,4770.0
2019-12-31,福井県,211757.96899999995,28000.0
2019-12-31,福岡県,2095190.860000001,31470.7
2019-12-31,福島県,1651274.1000000006,169302.1
2019-12-31,秋田県,275941.4,476121.6
2019-12-31,群馬県,1909959.9999999993,56.0
2019-12-31,茨城県,3180815.91,108999.6
2019-12-31,長崎県,861498.3759999997,120336.3
2019-12-31,長野県,1416227.4000000001,0.0
2019-12-31,青森県,711742.9999999999,488255.4
2019-12-31,静岡県,2051166.4000000015,151392.9
2019-12-31,香川県,738479.3390000004,58.5
2019-12-31,高知県,429099.54800000007,87626.4
2019-12-31,鳥取県,312076.77099999995,58519.6
2019-12-31,鹿児島県,1835566.2670000002,260670.5
2020-03-31,三重県,2086478.2999999996,199058.8
2020-03-31,京都府,547374.6000000002,2252.5
2020-03-31,佐賀県,626519.979,44740.9
2020-03-31,兵庫県,2341794.1660000007,55100.0
2020-03-31,北海道,1848136.8820000002,541441.3
2020-03-31,千葉県,2720308.4000000004,69596.8
2020-03-31,和歌山県,644852.2,120740.8
2020-03-31,埼玉県,1601920.87,0.0
2020-03-31,大分県,1140633.8660000004,11396.9
2020-03-31,大阪府,995728.4000000003,0.0
2020-03-31,奈良県,521004.9,0.0
2020-03-31,宮城県,1470565.9000000004,28049.0
2020-03-31,宮崎県,1219237.9690000003,16097.5
2020-03-31,富山県,309579.30899999995,3300.0
2020-03-31,山口県,1026845.998,118988.5
2020-03-31,山形県,259950.4,65313.0
2020-03-31,山梨県,625565.3999999998,12.8
2020-03-31,岐阜県,1317817.7100000002,9203.0
2020-03-31,岡山県,1802300.217,0.0
2020-03-31,岩手県,814300.1,111294.2
2020-03-31,島根県,336143.82,178444.2
2020-03-31,広島県,1359320.3690000002,0.0
2020-03-31,徳島県,674005.4339999999,19520.1
2020-03-31,愛媛県,796347.7380000002,112721.6
2020-03-31,愛知県,2603163.9999999995,64790.8
2020-03-31,新潟県,340122.30000000005,27502.4
2020-03-31,東京都,566948.5199999998,3650.0
2020-03-31,栃木県,2186042.9000000004,0.0
2020-03-31,沖縄県,398797.00000000006,17675.0
2020-03-31,滋賀県,812443.5,1500.0
2020-03-31,熊本県,1403892.0210000009,28449.7
2020-03-31,石川県,511035.33499999996,132006.0
2020-03-31,神奈川県,770443.5000000009,4770.0
2020-03-31,福井県,218003.37099999996,28000.0
2020-03-31,福岡県,2125172.6000000006,31470.7
2020-03-31,福島県,1835819.9000000006,169302.1
2020-03-31,秋田県,277574.9,581722.2
2020-03-31,群馬県,2072320.8999999997,56.0
2020-03-31,茨城県,3312379.8100000005,109019.4
2020-03-31,長崎県,890128.4559999998,120395.72
2020-03-31,長野県,1445951.6,0.0
2020-03-31,青森県,737466.2,511442.9
2020-03-31,静岡県,2107488.9000000013,165192.9
2020-03-31,香川県,753781.2270000003,58.5
2020-03-31,高知県,435118.757,87626.4
2020-03-31,鳥取県,319250.3549999999,58500.0
2020-03-31,鹿児島県,1981962.3270000007,260690.0
2020-06-30,三重県,2158480.6999999993,199058.8
2020-06-30,京都府,559219.6,2252.5
2020-06-30,佐賀県,648747.595,44740.9
2020-06-30,兵庫県,2401609.8660000004,55100.0
2020-06-30,北海道,1886305.3420000002,543095.8
2020-06-30,千葉県,2772545.8000000003,69596.8
2020-06-30,和歌山県,661128.9000000003,120740.8
2020-06-30,埼玉県,1628737.9700000007,0.0
2020-06-30,大分県,1212566.1060000004,11396.9
2020-06-30,大阪府,1006084.8,0.0
2020-06-30,奈良県,558729.0,0.0
2020-06-30,宮城県,1499728.2000000002,28088.6
2020-06-30,宮崎県,1290790.4690000003,16097.5
2020-06-30,富山県,316206.5619999999,3300.0
2020-06-30,山口県,1053519.2929999998,118988.5
2020-06-30,山形県,262286.2,65313.0
2020-06-30,山梨県,658619.0999999999,12.8
2020-06-30,岐阜県,1349584.6100000006,9203.0
2020-06-30,岡山県,1836673.4130000006,0.0
2020-06-30,岩手県,873402.7,111294.2
2020-06-30,島根県,338526.40900000004,178444.2
2020-06-30,広島県,1387886.4490000003,0.0
2020-06-30,徳島県,690776.8349999998,19520.1
2020-06-30,愛媛県,810984.5240000003,112721.6
2020-06-30,愛知県,2651649.1999999997,64790.8
2020-06-30,新潟県,342839.10000000003,27502.4
2020-06-30,東京都,573243.0199999996,3650.0
2020-06-30,栃木県,2233673.5999999996,0.0
2020-06-30,沖縄県,402784.58500000014,16456.0
2020-06-30,滋賀県,825834.7000000001,1500.0
2020-06-30,熊本県,1507167.8410000007,28449.7
2020-06-30,石川県,514142.531,132006.0
2020-06-30,神奈川県,779409.0000000001,5370.0
2020-06-30,福井県,222313.09999999998,28000.0
2020-06-30,福岡県,2179011.553000001,36469.7
2020-06-30,福島県,2036238.3000000003,169302.1
2020-06-30,秋田県,279104.0,654228.2
2020-06-30,群馬県,2139519.7,56.0
2020-06-30,茨城県,3442230.0,109019.4
2020-06-30,長崎県,909000.0859999999,120395.72
2020-06-30,長野県,1473104.5000000002,0.0
2020-06-30,青森県,745248.5,633483.1
2020-06-30,静岡県,2164370.600000002,187192.9
2020-06-30,香川県,772604.8520000003,58.5
2020-06-30,高知県,438724.09200000006,86426.4
2020-06-30,鳥取県,323120.82999999996,58500.0
2020-06-30,鹿児島県,2088902.3030000003,273590.0
2020-09-30,三重県,2196427.300000003,199058.8
2020-09-30,京都府,571008.4000000003,2252.5
2020-09-30,佐賀県,656175.1229999998,44740.9
2020-09-30,兵庫県,2434753.366000002,55100.0
2020-09-30,北海道,1977887.19,543507.1
2020-09-30,千葉県,2848998.9000000004,69596.8
2020-09-30,和歌山県,669540.4000000001,120740.8
2020-09-30,埼玉県,1669304.2700000005,0.0
2020-09-30,大分県,1247158.586,11396.9
2020-09-30,大阪府,1019274.4000000004,0.0
2020-09-30,奈良県,567806.2999999998,0.0
2020-09-30,宮城県,1565261.2000000004,28148.0
2020-09-30,宮崎県,1301878.3940000017,16097.5
2020-09-30,富山県,330303.516,3300.0
2020-09-30,山口県,1074308.9579999992,118988.5
2020-09-30,山形県,265815.3,65313.0
2020-09-30,山梨県,671118.2999999996,12.8
2020-09-30,岐阜県,1378787.4099999997,9203.0
2020-09-30,岡山県,1912715.3760000002,0.0
2020-09-30,岩手県,913653.9999999997,111294.2
2020-09-30,島根県,341017.72999999986,178444.2
2020-09-30,広島県,1410206.122000001,0.0
2020-09-30,徳島県,707039.8449999995,19520.1
2020-09-30,愛媛県,826082.0440000007,112744.4
2020-09-30,愛知県,2694100.2000000007,64810.3
2020-09-30,新潟県,345211.69999999995,27512.3
2020-09-30,東京都,581340.1199999996,3650.0
2020-09-30,栃木県,2258023.1999999983,0.0
2020-09-30,沖縄県,406294.7160000001,16456.0
2020-09-30,滋賀県,849991.7999999997,0.0
2020-09-30,熊本県,1519135.2590000012,28449.7
2020-09-30,石川県,523434.1129999999,132006.0
2020-09-30,神奈川県,797249.2999999983,5370.0
2020-09-30,福井県,225301.95100000003,28000.0
2020-09-30,福岡県,2214750.462000001,36469.7
2020-09-30,福島県,2187875.5000000014,175801.7
2020-09-30,秋田県,283591.0,654345.2
2020-09-30,群馬県,2180874.2000000025,56.0
2020-09-30,茨城県,3541487.1999999997,109019.4
2020-09-30,長崎県,925587.8159999999,120395.72
2020-09-30,長野県,1494687.6999999997,0.0
2020-09-30,青森県,752105.4999999999,635610.9
2020-09-30,静岡県,2194921.1000000024,187192.9
2020-09-30,香川県,811728.1720000001,58.5
2020-09-30,高知県,443430.8340000001,86426.4
2020-09-30,鳥取県,326438.21099999984,58500.0
2020-09-30,鹿児島県,2170453.738,273590.0
2020-12-31,三重県,2263994.900000004,199058.8
2020-12-31,京都府,578485.3000000003,2252.5
2020-12-31,佐賀県,664516.1129999998,44740.9
2020-12-31,兵庫県,2520578.166000002,55100.0
2020-12-31,北海道,2089274.09,543819.1
2020-12-31,千葉県,2907466.0,69596.8
2020-12-31,和歌山県,707928.5000000001,120740.8
2020-12-31,埼玉県,1698240.1700000006,0.0
2020-12-31,大分県,1257222.1959999998,11396.9
2020-12-31,大阪府,1031730.3000000003,0.0
2020-12-31,奈良県,572831.7999999998,0.0
2020-12-31,宮城県,1780892.7000000002,28148.0
2020-12-31,宮崎県,1315328.2140000018,80897.5
2020-12-31,富山県,332801.985,3300.0
2020-12-31,山口県,1128272.0619999992,118988.5
2020-12-31,山形県,287276.7,65313.0
2020-12-31,山梨県,688893.0999999994,12.8
2020-12-31,岐阜県,1400595.0099999998,9203.0
2020-12-31,岡山県,1997731.5540000002,0.0
2020-12-31,岩手県,918957.5999999996,154694.2
2020-12-31,島根県,347850.82799999986,178483.2
2020-12-31,広島県,1482333.3370000005,0.0
2020-12-31,徳島県,721542.1609999996,19520.1
2020-12-31,愛媛県,829172.1900000006,128744.4
2020-12-31,愛知県,2727264.100000001,64810.3
2020-12-31,新潟県,349745.19999999995,27512.3
2020-12-31,東京都,588380.9199999996,3650.0
2020-12-31,栃木県,2300898.0999999987,0.0
2020-12-31,沖縄県,410240.8070000001,16456.0
2020-12-31,滋賀県,862193.6999999997,0.0
2020-12-31,熊本県,1530748.8590000013,28449.7
2020-12-31,石川県,527215.0559999999,132025.8
2020-12-31,神奈川県,806901.9999999984,5370.0
2020-12-31,福井県,230671.271,28000.0
2020-12-31,福岡県,2272749.322000001,36469.7
2020-12-31,福島県,2258356.200000001,175801.7
2020-12-31,秋田県,297737.80000000005,654537.0
2020-12-31,群馬県,2234351.000000003,56.0
2020-12-31,茨城県,3643526.9000000004,109019.4
2020-12-31,長崎県,943403.9519999998,119634.12
2020-12-31,長野県,1517240.8999999994,0.0
2020-12-31,青森県,759118.2999999999,634166.4
2020-12-31,静岡県,2231912.9000000022,187192.9
2020-12-31,香川県,812359.1560000001,58.8
2020-12-31,高知県,450998.11000000004,86426.4
2020-12-31,鳥取県,362339.39999999985,58500.0
2020-12-31,鹿児島県,2198782.8380000005,273590.0
2021-06-30,三重県,2357886.500000004,202058.8
2021-06-30,京都府,594047.7000000003,2252.5
2021-06-30,佐賀県,684005.1129999999,44740.9
2021-06-30,兵庫県,2639390.3660000023,55100.0
2021-06-30,北海道,2139310.565,544114.5
2021-06-30,千葉県,2978421.3000000003,65327.3
2021-06-30,和歌山県,727399.8000000003,169040.8
2021-06-30,埼玉県,1751650.2700000007,0.0
2021-06-30,大分県,1281351.336,11396.9
2021-06-30,大阪府,1063706.8000000003,0.0
2021-06-30,奈良県,589820.6999999997,0.0
2021-06-30,宮城県,1922881.0000000007,28148.0
2021-06-30,宮崎県,1422295.429000002,80897.5
2021-06-30,富山県,336635.952,3300.0
2021-06-30,山口県,1183462.6909999994,118988.5
2021-06-30,山形県,297523.1,86503.0
2021-06-30,山梨県,708401.3999999994,12.8
2021-06-30,岐阜県,1469408.0099999998,9203.0
2021-06-30,岡山県,2155277.670000001,0.0
2021-06-30,岩手県,929932.1999999997,156742.7
2021-06-30,島根県,386586.5979999998,178656.0
2021-06-30,広島県,1607381.571000001,0.0
2021-06-30,徳島県,751020.9699999996,19520.1
2021-06-30,愛媛県,856626.0950000007,128744.4
2021-06-30,愛知県,2787230.500000001,64810.3
2021-06-30,新潟県,354097.9000000001,27512.3
2021-06-30,東京都,600595.0199999996,3650.0
2021-06-30,栃木県,2418563.4999999986,0.0
2021-06-30,沖縄県,415268.32500000007,16456.0
2021-06-30,滋賀県,893189.4999999998,0.0
2021-06-30,熊本県,1565737.8590000006,35957.7
2021-06-30,石川県,550131.9699999999,132025.8
2021-06-30,神奈川県,827903.1999999982,5370.0
2021-06-30,福井県,236699.562,28000.0
2021-06-30,福岡県,2310638.0320000015,36469.7
2021-06-30,福島県,2365064.1000000015,175840.7
2021-06-30,秋田県,305232.3,658791.5
2021-06-30,群馬県,2392074.1000000034,56.0
2021-06-30,茨城県,3816171.1,107819.4
2021-06-30,長崎県,958781.8369999997,119834.12
2021-06-30,長野県,1556884.4999999995,0.0
2021-06-30,青森県,778544.8999999999,634837.1
2021-06-30,静岡県,2287535.1000000015,187192.9
2021-06-30,香川県,832555.9400000001,58.8
2021-06-30,高知県,456867.5850000001,86426.4
2021-06-30,鳥取県,381900.55599999987,58500.0
2021-06-30,鹿児島県,2246081.7,273533.0
2021-09-30,三重県,2385868.900000005,202058.8
2021-09-30,京都府,601951.4000000001,2252.5
2021-09-30,佐賀県,690017.565,44740.9
2021-09-30,兵庫県,2701196.966000003,55100.0
2021-09-30,北海道,2154402.739,569761.6
2021-09-30,千葉県,3014431.3000000003,65327.3
2021-09-30,和歌山県,734361.8000000003,169040.8
2021-09-30,埼玉県,1799437.4700000007,0.0
2021-09-30,大分県,1307401.3159999999,11396.9
2021-09-30,大阪府,1075679.8000000005,0.0
2021-09-30,奈良県,598689.3999999998,0.0
2021-09-30,宮城県,1937510.8000000005,28148.0
2021-09-30,宮崎県,1431065.7490000017,80897.5
2021-09-30,富山県,338696.138,3300.0
2021-09-30,山口県,1268592.4219999993,118988.5
2021-09-30,山形県,300040.7,86503.0
2021-09-30,山梨県,715216.7999999993,12.8
2021-09-30,岐阜県,1484872.0099999998,9203.0
2021-09-30,岡山県,2186565.216000001,0.0
2021-09-30,岩手県,935311.5999999996,156742.7
2021-09-30,島根県,387708.8099999999,178656.0
2021-09-30,広島県,1628654.188000001,0.0
2021-09-30,徳島県,764971.9969999995,19520.1
2021-09-30,愛媛県,866223.8780000007,128744.4
2021-09-30,愛知県,2822800.200000001,64810.3
2021-09-30,新潟県,356179.6000000001,27508.8
2021-09-30,東京都,608363.8199999996,3650.0
2021-09-30,栃木県,2435905.299999999,0.0
2021-09-30,沖縄県,417787.84700000007,16456.0
2021-09-30,滋賀県,906562.7999999997,0.0
2021-09-30,熊本県,1619387.7700000005,42757.7
2021-09-30,石川県,552940.2989999999,132025.8
2021-09-30,神奈川県,840143.5999999981,5370.0
2021-09-30,福井県,238730.275,28000.0
2021-09-30,福岡県,2349412.4920000015,36469.7
2021-09-30,福島県,2391594.100000001,175840.7
2021-09-30,秋田県,308606.3,658811.3
2021-09-30,群馬県,2429522.300000003,56.0
2021-09-30,茨城県,3922177.3999999994,107819.4
2021-09-30,長崎県,980138.4369999998,119834.92
2021-09-30,長野県,1598391.7999999996,0.0
2021-09-30,青森県,795988.3999999999,634933.7
2021-09-30,静岡県,2330678.2000000016,187192.9
2021-09-30,香川県,843503.454,58.8
2021-09-30,高知県,459642.92100000015,86466.0
2021-09-30,鳥取県,384506.4939999999,58500.0
2021-09-30,鹿児島県,2259473.630000001,273533.0
2021-12-31,三重県,2415582.200000005,202058.8
2021-12-31,京都府,606097.5000000002,2.5
2021-12-31,佐賀県,696620.5149999999,71940.9
2021-12-31,兵庫県,2728773.7660000026,55100.0
2021-12-31,北海道,2183881.7189999996,580710.3999999999
2021-12-31,千葉県,3069086.2000000007,65327.3
2021-12-31,和歌山県,738838.6000000002,169040.8
2021-12-31,埼玉県,1823346.9700000007,0.0
2021-12-31,大分県,1357506.716,11396.9
2021-12-31,大阪府,1088057.9000000004,0.0
2021-12-31,奈良県,605570.0999999999,0.0
2021-12-31,宮城県,2008545.4000000006,28148.0
2021-12-31,宮崎県,1447358.119000002,80897.5
2021-12-31,富山県,341161.24400000006,3300.0
2021-12-31,山口県,1317902.3709999993,118988.5
2021-12-31,山形県,302893.3,122563.0
2021-12-31,山梨県,722358.9999999995,12.8
2021-12-31,岐阜県,1527406.1099999999,9203.0
2021-12-31,岡山県,2207350.6730000013,0.0
2021-12-31,岩手県,981867.4999999995,156742.7
2021-12-31,島根県,389582.79499999987,178656.0
2021-12-31,広島県,1644829.305000001,0.0
2021-12-31,徳島県,780790.4189999996,19520.1
2021-12-31,愛媛県,873944.3610000007,128744.4
2021-12-31,愛知県,2855913.0000000014,64810.3
2021-12-31,新潟県,423674.40000000014,27508.8
2021-12-31,東京都,616244.0199999997,3650.0
2021-12-31,栃木県,2475176.799999999,0.0
2021-12-31,沖縄県,419996.4290000001,16456.0
2021-12-31,滋賀県,918186.6999999997,0.0
2021-12-31,熊本県,1640601.6600000004,42757.7
2021-12-31,石川県,555522.5319999999,132025.8
2021-12-31,神奈川県,852429.6999999979,5370.0
2021-12-31,福井県,241867.541,28000.0
2021-12-31,福岡県,2381400.692000001,36469.7
2021-12-31,福島県,2462569.800000001,175840.7
2021-12-31,秋田県,310793.8,673250.3
2021-12-31,群馬県,2530522.1000000034,56.0
2021-12-31,茨城県,4014022.8000000003,107819.4
2021-12-31,長崎県,986461.9019999998,119834.92
2021-12-31,長野県,1643241.6999999995,0.0
2021-12-31,青森県,817110.7,665802.7
2021-12-31,静岡県,2356061.2,187192.9
2021-12-31,香川県,849550.4500000002,58.8
2021-12-31,高知県,464289.9680000001,86485.8
2021-12-31,鳥取県,386340.80199999985,58500.0
2021-12-31,鹿児島県,2272488.0100000007,273513.2
2022-03-31,三重県,2503792.200000005,202058.8
2022-03-31,京都府,610867.6000000002,2.5
2022-03-31,佐賀県,701722.867,71940.9
2022-03-31,兵庫県,2755389.466000003,55100.0
2022-03-31,北海道,2197420.0209999997,603477.6
2022-03-31,千葉県,3095872.7000000007,65327.3
2022-03-31,和歌山県,743637.9000000003,169040.8
2022-03-31,埼玉県,1861893.9700000007,0.0
2022-03-31,大分県,1395412.3059999999,11396.9
2022-03-31,大阪府,1099499.7000000004,0.0
2022-03-31,奈良県,613122.9999999999,0.0
2022-03-31,宮城県,2064783.4000000004,28148.0
2022-03-31,宮崎県,1492813.1190000044,80897.5
2022-03-31,富山県,343600.84400000004,3300.0
2022-03-31,山口県,1368038.7899999993,118988.5
2022-03-31,山形県,305396.3,122563.0
2022-03-31,山梨県,740219.4999999995,12.8
2022-03-31,岐阜県,1544334.8099999998,9203.0
2022-03-31,岡山県,2228939.4370000013,0.0
2022-03-31,岩手県,1011476.3999999994,154762.7
2022-03-31,島根県,392810.44599999976,178056.0
2022-03-31,広島県,1680157.9550000012,0.0
2022-03-31,徳島県,790346.3309999994,19520.1
2022-03-31,愛媛県,933425.4090000008,128744.4
2022-03-31,愛知県,2890498.100000001,64510.3
2022-03-31,新潟県,425582.10000000015,27508.8
2022-03-31,東京都,626618.1199999996,3650.0
2022-03-31,栃木県,2524326.599999999,0.0
2022-03-31,沖縄県,422440.1600000001,16456.0
2022-03-31,滋賀県,927796.1999999997,0.0
2022-03-31,熊本県,1708149.0139999997,42757.7
2022-03-31,石川県,557505.1319999999,132025.8
2022-03-31,神奈川県,863257.3999999975,5370.0
2022-03-31,福井県,244339.99399999998,35050.0
2022-03-31,福岡県,2395634.862000001,36469.7
2022-03-31,福島県,2594590.000000002,175840.7
2022-03-31,秋田県,312514.7,673577.9
2022-03-31,群馬県,2581418.300000003,56.0
2022-03-31,茨城県,4068279.9000000004,107819.4
2022-03-31,長崎県,993362.5619999999,119854.72
2022-03-31,長野県,1683988.1999999997,0.0
2022-03-31,青森県,821570.7999999999,701954.4
2022-03-31,静岡県,2382946.2000000007,187192.9
2022-03-31,香川県,860865.1470000002,58.8
2022-03-31,高知県,467646.75900000014,86485.8
2022-03-31,鳥取県,391454.1599999999,58500.0
2022-03-31,鹿児島県,2307721.8900000006,273464.2
2022-06-30,三重県,2581199.300000005,202058.8
2022-06-30,京都府,614750.1000000002,2.5
2022-06-30,佐賀県,708888.427,71940.9
2022-06-30,兵庫県,2775500.666000003,55100.0
2022-06-30,北海道,2204778.326,602362.6
2022-06-30,千葉県,3129069.900000001,65327.3
2022-06-30,和歌山県,840431.1000000002,169040.8
2022-06-30,埼玉県,1883127.770000001,0.0
2022-06-30,大分県,1416386.1940000001,11396.9
2022-06-30,大阪府,1107278.7000000004,0.0
2022-06-30,奈良県,620277.1999999998,0.0
2022-06-30,宮城県,2085142.0000000007,28148.0
2022-06-30,宮崎県,1507472.6090000044,80897.5
2022-06-30,富山県,344744.91000000003,3300.0
2022-06-30,山口県,1379880.1719999993,118988.5
2022-06-30,山形県,306552.39999999997,122563.0
2022-06-30,山梨県,746101.6999999996,12.8
2022-06-30,岐阜県,1555042.4099999997,9203.0
2022-06-30,岡山県,2300125.408000001,0.0
2022-06-30,岩手県,1050279.4999999998,154069.7
2022-06-30,島根県,396053.5209999998,178056.0
2022-06-30,広島県,1716879.8050000016,0.0
2022-06-30,徳島県,801155.1139999996,19520.1
2022-06-30,愛媛県,939774.1680000008,128881.0
2022-06-30,愛知県,2918916.7,64490.5
2022-06-30,新潟県,447686.4000000002,27508.8
2022-06-30,東京都,631960.4199999997,3650.0
2022-06-30,栃木県,2542691.299999999,0.0
2022-06-30,沖縄県,423740.1830000001,16456.0
2022-06-30,滋賀県,935532.3999999997,0.0
2022-06-30,熊本県,1790660.3639999996,42757.7
2022-06-30,石川県,560759.2809999998,132025.8
2022-06-30,神奈川県,869975.4999999972,5370.0
2022-06-30,福井県,266975.35699999996,35050.0
2022-06-30,福岡県,2409081.7700000014,36469.7
2022-06-30,福島県,2663561.7000000016,175840.7
2022-06-30,秋田県,313662.00000000006,673805.9
2022-06-30,群馬県,2634060.3000000035,56.0
2022-06-30,茨城県,4131530.3,107819.4
2022-06-30,長崎県,997393.012,119854.72
2022-06-30,長野県,1701197.7999999998,0.0
2022-06-30,青森県,847269.7000000001,756998.4
2022-06-30,静岡県,2410862.9000000004,187192.9
2022-06-30,香川県,870537.6980000002,58.8
2022-06-30,高知県,472091.1270000001,86485.8
2022-06-30,鳥取県,396454.4999999999,57000.0
2022-06-30,鹿児島県,2348935.613000001,273464.2
2022-09-30,三重県,2604095.0000000056,202058.8
2022-09-30,京都府,623031.5000000002,2.5
2022-09-30,佐賀県,716022.0670000002,71940.9
2022-09-30,兵庫県,2800119.166000003,55100.0
2022-09-30,北海道,2219127.406,602830.0
2022-09-30,千葉県,3165787.200000001,65327.3
2022-09-30,和歌山県,845091.2000000003,169040.8
2022-09-30,埼玉県,1914477.3700000003,0.0
2022-09-30,大分県,1442395.1940000001,11416.4
2022-09-30,大阪府,1123923.8000000007,0.0
2022-09-30,奈良県,625790.2999999998,0.0
2022-09-30,宮城県,2121529.5000000005,28148.0
2022-09-30,宮崎県,1539339.9590000042,80897.5
2022-09-30,富山県,347113.074,3300.0
2022-09-30,山口県,1393074.6969999995,118988.5
2022-09-30,山形県,310072.79999999993,122563.0
2022-09-30,山梨県,751651.1999999995,12.8
2022-09-30,岐阜県,1606390.61,9203.0
2022-09-30,岡山県,2335300.866000001,0.0
2022-09-30,岩手県,1067307.2999999998,156049.7
2022-09-30,島根県,398501.4839999998,178056.0
2022-09-30,広島県,1795827.0580000014,0.0
2022-09-30,徳島県,809533.9739999996,54020.1
2022-09-30,愛媛県,953242.2980000007,129037.6
2022-09-30,愛知県,2957360.5,62820.5
2022-09-30,新潟県,450137.3000000002,27508.8
2022-09-30,東京都,646087.1199999996,3650.0
2022-09-30,栃木県,2604999.399999999,0.0
2022-09-30,沖縄県,426077.2650000001,16456.0
2022-09-30,滋賀県,946445.5999999999,0.0
2022-09-30,熊本県,1838526.723999999,42757.7
2022-09-30,石川県,603575.2559999999,132025.8
2022-09-30,神奈川県,885558.9999999969,5370.0
2022-09-30,福井県,268994.07899999997,35050.0
2022-09-30,福岡県,2459574.7720000017,36469.7
2022-09-30,福島県,2839717.200000003,175840.7
2022-09-30,秋田県,315835.6,681487.1
2022-09-30,群馬県,2654432.800000004,56.0
2022-09-30,茨城県,4222582.2,107819.4
2022-09-30,長崎県,1003452.492,119854.72
2022-09-30,長野県,1720157.7999999998,0.0
2022-09-30,青森県,863205.1,757271.4
2022-09-30,静岡県,2433885.3,187192.9
2022-09-30,香川県,886844.9480000002,58.8
2022-09-30,高知県,506211.8500000002,86485.8
2022-09-30,鳥取県,401658.01399999985,57000.0
2022-09-30,鹿児島県,2360882.6430000006,273464.2
2022-12-31,三重県,2690179.5000000056,202058.8
2022-12-31,京都府,628324.9000000001,2.5
2022-12-31,佐賀県,721639.0020000001,71940.9
2022-12-31,兵庫県,2889641.9660000033,55100.0
2022-12-31,北海道,2239097.393,582621.3
2022-12-31,千葉県,3286773.500000001,65327.3
2022-12-31,和歌山県,849771.9000000004,169040.8
2022-12-31,埼玉県,1943214.37,0.0
2022-12-31,大分県,1455328.5040000002,11416.4
2022-12-31,大阪府,1137902.8000000007,0.0
2022-12-31,奈良県,631955.6999999998,0.0
2022-12-31,宮城県,2133651.9,28148.0
2022-12-31,宮崎県,1550793.8410000047,80897.5
2022-12-31,富山県,349319.57500000007,3300.0
2022-12-31,山口県,1404256.9379999992,118988.5
2022-12-31,山形県,312423.49999999994,122563.0
2022-12-31,山梨県,755867.5999999996,12.8
2022-12-31,岐阜県,1619343.0100000002,9203.0
2022-12-31,岡山県,2358121.259000001,0.0
2022-12-31,岩手県,1159710.9,154059.7
2022-12-31,島根県,401050.72899999976,178056.0
2022-12-31,広島県,1811418.3350000014,0.0
2022-12-31,徳島県,819587.4839999997,54020.1
2022-12-31,愛媛県,959850.2020000007,129134.8
2022-12-31,愛知県,3021186.3999999994,54840.3
2022-12-31,新潟県,462329.90000000026,27508.8
2022-12-31,東京都,658836.9199999997,3650.0
2022-12-31,栃木県,2619043.6999999993,0.0
2022-12-31,沖縄県,428753.20700000005,16456.0
2022-12-31,滋賀県,960820.3999999999,0.0
2022-12-31,熊本県,1851862.0339999981,42757.7
2022-12-31,石川県,657951.9189999999,132025.8
2022-12-31,神奈川県,901558.4999999964,5370.0
2022-12-31,福井県,271465.6109999999,35050.0
2022-12-31,福岡県,2477327.174000002,36469.7
2022-12-31,福島県,2872568.700000003,175840.7
2022-12-31,秋田県,320031.8,649856.7
2022-12-31,群馬県,2679151.800000004,56.0
2022-12-31,茨城県,4293268.7,107838.6
2022-12-31,長崎県,1010907.6020000002,118654.72
2022-12-31,長野県,1743226.2,0.0
2022-12-31,青森県,868579.0,675405.0
2022-12-31,静岡県,2460641.3,185292.9
2022-12-31,香川県,895932.0900000002,58.8
2022-12-31,高知県,511232.47700000025,86545.2
2022-12-31,鳥取県,405975.7839999998,57000.0
2022-12-31,鹿児島県,2373035.983000001,273464.2
2023-03-31,三重県,2799297.600000006,202058.8
2023-03-31,京都府,634949.3,2.5
2023-03-31,佐賀県,726471.3520000001,71940.9
2023-03-31,兵庫県,2910423.9660000037,55100.0
2023-03-31,北海道,2250789.813,639467.2000000001
2023-03-31,千葉県,3316810.3000000017,65327.3
2023-03-31,和歌山県,853162.7000000003,169040.8
2023-03-31,埼玉県,1967046.9699999993,0.0
2023-03-31,大分県,1492038.3040000002,11416.4
2023-03-31,大阪府,1153083.6000000008,0.0
2023-03-31,奈良県,638033.8999999999,0.0
2023-03-31,宮城県,2146968.1999999993,28148.0
2023-03-31,宮崎県,1559917.4210000047,80897.5
2023-03-31,富山県,351744.9770000001,3300.0
2023-03-31,山口県,1472083.2779999992,118988.5
2023-03-31,山形県,314877.29999999993,122563.0
2023-03-31,山梨県,759857.9999999995,12.8
2023-03-31,岐阜県,1637783.51,9203.0
2023-03-31,岡山県,2383393.9090000005,0.0
2023-03-31,岩手県,1164402.2999999998,200229.7
2023-03-31,島根県,404367.9999999997,178056.0
2023-03-31,広島県,1828297.5810000012,0.0
2023-03-31,徳島県,826095.4359999999,54020.1
2023-03-31,愛媛県,967482.0540000007,129250.6
2023-03-31,愛知県,3055732.7999999993,61340.3
2023-03-31,新潟県,464436.50000000023,27528.6
2023-03-31,東京都,671035.7199999997,3650.0
2023-03-31,栃木県,2979772.0000000005,0.0
2023-03-31,沖縄県,431621.44000000006,16456.0
2023-03-31,滋賀県,971538.1999999998,0.0
2023-03-31,熊本県,1864355.9739999978,42757.7
2023-03-31,石川県,661642.1399999998,132025.8
2023-03-31,神奈川県,917821.8999999965,5370.0
2023-03-31,福井県,272823.58099999995,35050.0
2023-03-31,福岡県,2495270.4050000017,36469.7
2023-03-31,福島県,2931910.800000003,175840.7
2023-03-31,秋田県,321486.19999999995,758221.7
2023-03-31,群馬県,2723341.0000000037,56.0
2023-03-31,茨城県,4358694.9,107838.6
2023-03-31,長崎県,1017215.6220000003,119854.72
2023-03-31,長野県,1759250.1,0.0
2023-03-31,青森県,894921.1000000001,794145.6
2023-03-31,静岡県,2480997.3999999985,185292.9
2023-03-31,香川県,908017.7310000003,58.8
2023-03-31,高知県,515684.5360000003,86545.2
2023-03-31,鳥取県,428294.54599999974,57000.0
2023-03-31,鹿児島県,2439374.973000001,273522.7
2023-06-30,三重県,2869368.9000000064,202058.8
2023-06-30,京都府,637698.1,2.5
2023-06-30,佐賀県,731206.2220000002,71940.9
2023-06-30,兵庫県,2922343.2660000036,55100.0
2023-06-30,北海道,2258495.949,828915.3
2023-06-30,千葉県,3392578.000000001,65327.3
2023-06-30,和歌山県,865919.2000000003,169040.8
2023-06-30,埼玉県,1986675.3699999992,0.0
2023-06-30,大分県,1536185.9540000004,25416.4
2023-06-30,大阪府,1159716.800000001,0.0
2023-06-30,奈良県,641653.9999999999,0.0
2023-06-30,宮城県,2320743.6999999997,28148.0
2023-06-30,宮崎県,1577527.6310000047,80897.5
2023-06-30,富山県,352996.4310000001,3300.0
2023-06-30,山口県,1556112.536999999,118988.5
2023-06-30,山形県,316931.39999999997,122563.0
2023-06-30,山梨県,763299.9999999995,12.8
2023-06-30,岐阜県,1648699.0100000002,9203.0
2023-06-30,岡山県,2394631.333,0.0
2023-06-30,岩手県,1168195.0999999999,299979.7
2023-06-30,島根県,405434.4719999997,178056.0
2023-06-30,広島県,1835677.136000001,0.0
2023-06-30,徳島県,829294.2429999999,54020.1
2023-06-30,愛媛県,973970.8960000009,129248.2
2023-06-30,愛知県,3072966.499999999,61340.3
2023-06-30,新潟県,465651.6000000002,27528.6
2023-06-30,東京都,679883.7199999997,3650.0
2023-06-30,栃木県,3069200.7000000007,0.0
2023-06-30,沖縄県,432742.65400000004,16456.0
2023-06-30,滋賀県,975233.3999999999,0.0
2023-06-30,熊本県,1931200.8239999975,42757.7
2023-06-30,石川県,663042.4929999999,132025.8
2023-06-30,神奈川県,923531.0999999964,5370.0
2023-06-30,福井県,275698.9529999999,35050.0
2023-06-30,福岡県,2506517.473000002,36469.7
2023-06-30,福島県,2982329.200000003,207840.7
2023-06-30,秋田県,321968.3,762770.9
2023-06-30,群馬県,2745527.8000000045,56.0
2023-06-30,茨城県,4400793.9,107838.6
2023-06-30,長崎県,1022036.8720000004,119851.72
2023-06-30,長野県,1771567.0000000002,0.0
2023-06-30,青森県,897223.8999999999,834256.9
2023-06-30,静岡県,2497648.0999999978,185292.9
2023-06-30,香川県,911196.7610000003,58.8
2023-06-30,高知県,518005.0160000004,86545.2
2023-06-30,鳥取県,431489.56599999976,57000.0
2023-06-30,鹿児島県,2451263.6980000013,273522.7
2023-09-30,三重県,2881564.2000000062,202058.8
2023-09-30,京都府,641295.5000000001,2.5
2023-09-30,佐賀県,733307.5220000001,71940.9
2023-09-30,兵庫県,3059075.366000004,55100.0
2023-09-30,北海道,2268152.656,827048.5
2023-09-30,千葉県,3423961.7000000016,65327.3
2023-09-30,和歌山県,868156.8000000005,169040.8
2023-09-30,埼玉県,2003796.4699999988,0.0
2023-09-30,大分県,1570599.5540000005,25416.4
2023-09-30,大阪府,1169184.100000001,0.0
2023-09-30,奈良県,646142.7,0.0
2023-09-30,宮城県,2329635.8999999994,28147.4
2023-09-30,宮崎県,1585149.7810000048,92897.5
2023-09-30,富山県,353899.3700000001,3300.0
2023-09-30,山口県,1564474.0589999994,119065.3
2023-09-30,山形県,368145.89999999997,122563.0
2023-09-30,山梨県,765797.3999999996,12.8
2023-09-30,岐阜県,1662042.4100000004,9203.0
2023-09-30,岡山県,2401248.8449999997,0.0
2023-09-30,岩手県,1171637.0,299979.7
2023-09-30,島根県,407594.7409999997,178056.0
2023-09-30,広島県,1849317.135000001,0.0
2023-09-30,徳島県,833304.4929999999,54020.1
2023-09-30,愛媛県,979402.4780000009,129248.2
2023-09-30,愛知県,3096909.9999999995,68740.3
2023-09-30,新潟県,468093.4000000003,27528.6
2023-09-30,東京都,691295.2199999997,3650.0
2023-09-30,栃木県,3105835.8000000007,0.0
2023-09-30,沖縄県,435720.0660000001,16456.0
2023-09-30,滋賀県,981480.3999999999,0.0
2023-09-30,熊本県,1944703.2719999969,42757.7
2023-09-30,石川県,664268.1979999999,132025.8
2023-09-30,神奈川県,933034.5999999961,5370.0
2023-09-30,福井県,278324.60199999996,35050.0
2023-09-30,福岡県,2551492.8310000016,36308.5
2023-09-30,福島県,3025839.100000004,207840.7
2023-09-30,秋田県,323175.89999999997,762866.3
2023-09-30,群馬県,2764329.1000000043,56.0
2023-09-30,茨城県,4457574.800000001,87779.2
2023-09-30,長崎県,1028954.1020000005,116871.52
2023-09-30,長野県,1780758.4000000004,0.0
2023-09-30,青森県,900177.5,834529.9
2023-09-30,静岡県,2514898.8999999976,185292.9
2023-09-30,香川県,915878.1550000003,58.8
2023-09-30,高知県,519209.9520000004,86545.2
2023-09-30,鳥取県,432529.7529999998,57000.0
2023-09-30,鹿児島県,2464425.038000001,273579.7
2023-12-31,三重県,2892213.700000007,202058.8
2023-12-31,京都府,647107.0,2.5
2023-12-31,佐賀県,739079.2500000002,71940.9
2023-12-31,兵庫県,3074822.766000004,55100.0
2023-12-31,北海道,2279651.655,864058.2
2023-12-31,千葉県,3447476.100000002,65327.3
2023-12-31,和歌山県,871949.6000000006,169040.8
2023-12-31,埼玉県,2028067.369999998,0.0
2023-12-31,大分県,1576490.5740000005,25416.4
2023-12-31,大阪府,1184747.600000001,0.0
2023-12-31,奈良県,649960.9,0.0
2023-12-31,宮城県,2364999.299999998,28147.4
2023-12-31,宮崎県,1619198.401000005,92897.5
2023-12-31,富山県,355403.1040000001,10795.0
2023-12-31,山口県,1572508.0049999994,119084.5
2023-12-31,山形県,370554.1,122563.0
2023-12-31,山梨県,769010.3999999997,12.8
2023-12-31,岐阜県,1676496.5100000002,9203.0
2023-12-31,岡山県,2442677.071999998,0.0
2023-12-31,岩手県,1176321.1999999997,281979.7
2023-12-31,島根県,411701.4079999997,178056.0
2023-12-31,広島県,1859715.1970000002,0.0
2023-12-31,徳島県,838132.409,54020.1
2023-12-31,愛媛県,984543.1970000011,129248.2
2023-12-31,愛知県,3131387.799999999,68740.3
2023-12-31,新潟県,471344.30000000034,27528.6
2023-12-31,東京都,710881.4199999998,1950.0
2023-12-31,栃木県,3146289.800000001,0.0
2023-12-31,沖縄県,439039.72200000007,16456.0
2023-12-31,滋賀県,988016.0999999997,0.0
2023-12-31,熊本県,1979202.5319999962,42757.7
2023-12-31,石川県,665221.2889999999,110425.8
2023-12-31,神奈川県,948217.399999996,5370.0
2023-12-31,福井県,279838.2229999999,35050.0
2023-12-31,福岡県,2567558.7310000015,36308.5
2023-12-31,福島県,3046685.200000004,217270.7
2023-12-31,秋田県,325445.79999999993,817679.6
2023-12-31,群馬県,2782309.800000005,56.0
2023-12-31,茨城県,4521043.800000001,107779.2
2023-12-31,長崎県,1030371.0320000006,116909.32
2023-12-31,長野県,1793698.4000000004,0.0
2023-12-31,青森県,954855.7999999999,839680.4
2023-12-31,静岡県,2539874.9999999963,185292.9
2023-12-31,香川県,923860.6970000004,58.8
2023-12-31,高知県,521097.73700000043,88535.2
2023-12-31,鳥取県,435834.82099999976,57000.0
2023-12-31,鹿児島県,2499048.1830000007,273598.7
2024-03-31,三重県,2907992.9000000074,202058.8
2024-03-31,京都府,654936.9,2.5
2024-03-31,佐賀県,744330.9300000004,71940.9
2024-03-31,兵庫県,3109259.3660000036,55100.0
2024-03-31,北海道,2292849.1500000004,1264545.6
2024-03-31,千葉県,3479128.0000000023,65327.3
2024-03-31,和歌山県,876991.4000000007,169040.8
2024-03-31,埼玉県,2047645.6699999974,0.0
2024-03-31,大分県,1581709.8340000005,25416.4
2024-03-31,大阪府,1203445.5000000014,0.0
2024-03-31,奈良県,659100.8,0.0
2024-03-31,宮城県,2379069.1999999974,28147.4
2024-03-31,宮崎県,1643081.3910000052,92897.5
2024-03-31,富山県,357647.50200000015,10795.0
2024-03-31,山口県,1582323.0009999995,117134.5
2024-03-31,山形県,373130.5,122563.0
2024-03-31,山梨県,773377.5999999996,12.8
2024-03-31,岐阜県,1687719.1100000006,9203.0
2024-03-31,岡山県,2452806.4659999963,0.0
2024-03-31,岩手県,1184474.5999999999,281979.7
2024-03-31,島根県,413966.7139999996,178056.0
2024-03-31,広島県,1875385.1869999997,0.0
2024-03-31,徳島県,843100.917,54020.1
2024-03-31,愛媛県,990618.8930000013,129248.2
2024-03-31,愛知県,3168254.3999999985,68740.3
2024-03-31,新潟県,475777.80000000045,27503.6
2024-03-31,東京都,735742.4199999999,1950.0
2024-03-31,栃木県,3184803.8000000007,0.0
2024-03-31,沖縄県,441777.39600000007,16456.0
2024-03-31,滋賀県,996963.8999999998,0.0
2024-03-31,熊本県,2004697.2319999952,42757.7
2024-03-31,石川県,667575.389,110425.8
2024-03-31,神奈川県,963229.1999999953,5370.0
2024-03-31,福井県,282228.0959999999,35050.0
2024-03-31,福岡県,2588681.6210000007,36308.5
2024-03-31,福島県,3132717.0000000037,224260.7
2024-03-31,秋田県,327217.5999999999,842265.6
2024-03-31,群馬県,2797263.600000005,56.0
2024-03-31,茨城県,4550809.300000001,107179.2
2024-03-31,長崎県,1034488.2420000008,116909.32
2024-03-31,長野県,1807357.3000000007,0.0
2024-03-31,青森県,959456.7,913536.6
2024-03-31,静岡県,2559350.3999999943,185292.9
2024-03-31,香川県,945569.7480000007,58.8
2024-03-31,高知県,523583.6570000004,88535.2
2024-03-31,鳥取県,438712.1529999998,57000.0
2024-03-31,鹿児島県,2521360.583000001,273598.7
2024-06-30,三重県,2938523.3000000077,202058.8
2024-06-30,京都府,669391.3999999998,2.5
2024-06-30,佐賀県,746916.5690000004,71940.9
2024-06-30,兵庫県,3118086.166000004,52100.0
2024-06-30,北海道,2305696.981,1307831.2
2024-06-30,千葉県,3501685.6000000024,65307.5
2024-06-30,和歌山県,881663.3000000007,169040.8
2024-06-30,埼玉県,2064623.4699999965,0.0
2024-06-30,大分県,1583515.9340000006,25416.4
2024-06-30,大阪府,1210078.1000000017,0.0
2024-06-30,奈良県,661501.2000000002,0.0
2024-06-30,宮城県,2375131.8999999966,70147.4
2024-06-30,宮崎県,1682027.5210000058,92897.5
2024-06-30,富山県,357700.9400000002,10795.0
2024-06-30,山口県,1591314.6919999996,117134.5
2024-06-30,山形県,373752.1,122563.0
2024-06-30,山梨県,776964.5999999996,12.8
2024-06-30,岐阜県,1696892.9100000004,9203.0
2024-06-30,岡山県,2458597.667999996,0.0
2024-06-30,岩手県,1186080.5999999999,299979.7
2024-06-30,島根県,414592.3669999997,178056.0
2024-06-30,広島県,1882015.4799999997,0.0
2024-06-30,徳島県,847405.6599999999,54020.1
2024-06-30,愛媛県,992930.8820000015,129306.8
2024-06-30,愛知県,3209427.999999999,68740.3
2024-06-30,新潟県,481127.6000000005,27503.6
2024-06-30,東京都,754297.02,1950.0
2024-06-30,栃木県,3226309.4000000004,0.0
2024-06-30,沖縄県,443043.51100000006,16456.0
2024-06-30,滋賀県,1003595.4,0.0
2024-06-30,熊本県,2013299.5569999947,42757.7
2024-06-30,石川県,670831.688,132025.8
2024-06-30,神奈川県,975901.5999999947,5370.0
2024-06-30,福井県,282527.98799999995,35050.0
2024-06-30,福岡県,2598921.0050000004,36308.5
2024-06-30,福島県,3162986.400000004,224260.7
2024-06-30,秋田県,327599.0999999999,842360.4
2024-06-30,群馬県,2816411.300000006,56.0
2024-06-30,茨城県,4577200.900000001,107179.2
2024-06-30,長崎県,1039898.3320000009,156599.32
2024-06-30,長野県,1815670.9000000008,0.0
2024-06-30,青森県,961562.1,913999.6
2024-06-30,静岡県,2571446.6999999937,183492.9
2024-06-30,香川県,950486.6960000007,58.8
2024-06-30,高知県,524374.5250000005,88535.2
2024-06-30,鳥取県,441548.32599999977,57000.0
2024-06-30,鹿児島県,2550396.115000001,273598.7
2024-09-30,三重県,2949647.3000000026,202058.8
2024-09-30,京都府,675881.4000000001,2.5
2024-09-30,佐賀県,751925.5050000004,75920.9
2024-09-30,兵庫県,3133523.266000003,52100.0
2024-09-30,北海道,2317102.927,1300406.9
2024-09-30,千葉県,3525965.0000000023,63807.5
2024-09-30,和歌山県,884817.7000000009,169040.8
2024-09-30,埼玉県,2090897.1699999964,0.0
2024-09-30,大分県,1588973.5240000011,25416.4
2024-09-30,大阪府,1234451.4000000022,0.0
2024-09-30,奈良県,666112.5000000001,0.0
2024-09-30,宮城県,2383309.4999999963,70147.4
2024-09-30,宮崎県,1687369.2910000053,92897.5
2024-09-30,富山県,359038.69600000005,10795.0
2024-09-30,山口県,1599843.867,115634.5
2024-09-30,山形県,376429.0,121063.0
2024-09-30,山梨県,779700.6999999996,12.8
2024-09-30,岐阜県,1723204.510000001,9203.0
2024-09-30,岡山県,2466608.9229999958,0.0
2024-09-30,岩手県,1196260.4,299979.7
2024-09-30,島根県,416617.6689999998,178056.0
2024-09-30,広島県,1894596.6089999995,0.0
2024-09-30,徳島県,852136.3230000003,54020.1
2024-09-30,愛媛県,998789.3880000013,129306.8
2024-09-30,愛知県,3238675.0999999978,68740.3
2024-09-30,新潟県,484048.3000000007,27431.1
2024-09-30,東京都,779554.8200000002,0.0
2024-09-30,栃木県,3223461.899999998,0.0
2024-09-30,沖縄県,446320.04400000005,16456.0
2024-09-30,滋賀県,1010994.6999999998,0.0
2024-09-30,熊本県,2021678.6369999938,42757.7
2024-09-30,石川県,672635.539,132025.8
2024-09-30,神奈川県,990577.8999999939,5370.0
2024-09-30,福井県,282148.7139999999,35050.0
2024-09-30,福岡県,2612000.804999999,36308.5
2024-09-30,福島県,3262250.3000000026,267660.7
2024-09-30,秋田県,329563.99999999994,842360.4
2024-09-30,群馬県,2833280.6000000066,56.0
2024-09-30,茨城県,4629108.300000001,106179.2
2024-09-30,長崎県,1042839.172000001,156599.32
2024-09-30,長野県,1828363.9000000013,0.0
2024-09-30,青森県,966773.5000000002,914271.1
2024-09-30,静岡県,2594618.2999999933,183492.9
2024-09-30,香川県,955890.844000001,58.8
2024-09-30,高知県,525714.5250000006,88535.2
2024-09-30,鳥取県,443343.4989999997,57000.0
2024-09-30,鹿児島県,2556436.025,247598.7
2024-12-31,三重県,2982042.700000008,202058.8
2024-12-31,京都府,682025.4000000001,2.5
2024-12-31,佐賀県,755548.4250000003,74420.9
2024-12-31,兵庫県,3156189.566000005,52100.0
2024-12-31,北海道,2326754.131,1300439.7
2024-12-31,千葉県,3550351.800000003,63807.5
2024-12-31,和歌山県,883822.900000001,120740.8
2024-12-31,埼玉県,2116140.369999996,0.0
2024-12-31,大分県,1592813.9740000009,11416.4
2024-12-31,大阪府,1251378.400000003,0.0
2024-12-31,奈良県,670718.9,0.0
2024-12-31,宮城県,2391545.8999999957,70147.4
2024-12-31,宮崎県,1703627.591000006,92897.5
2024-12-31,富山県,361597.69700000016,10795.0
2024-12-31,山口県,1606632.656,115634.5
2024-12-31,山形県,378853.6000000001,121063.0
2024-12-31,山梨県,785894.1999999996,12.8
2024-12-31,岐阜県,1735199.410000001,9203.0
2024-12-31,岡山県,2475033.2209999934,0.0
2024-12-31,岩手県,1201689.2999999998,300037.3
2024-12-31,島根県,418508.2729999998,178056.0
2024-12-31,広島県,1903179.3289999994,0.0
2024-12-31,徳島県,855828.133,54020.1
2024-12-31,愛媛県,1004409.3620000015,129306.8
2024-12-31,愛知県,3274132.999999998,68740.3
2024-12-31,新潟県,503067.30000000086,27431.1
2024-12-31,東京都,815664.8200000005,0.0
2024-12-31,栃木県,3256057.8,0.0
2024-12-31,沖縄県,450176.28800000006,16456.0
2024-12-31,滋賀県,1043480.0000000002,0.0
2024-12-31,熊本県,2028621.2369999934,42757.7
2024-12-31,石川県,677226.8659999999,132025.8
2024-12-31,神奈川県,1014378.0999999933,5370.0
2024-12-31,福井県,285617.00899999996,35050.0
2024-12-31,福岡県,2631820.074999998,36308.5
2024-12-31,福島県,3369987.500000005,267660.7
2024-12-31,秋田県,331546.3999999999,842049.8
2024-12-31,群馬県,2838774.0000000065,56.0
2024-12-31,茨城県,4675544.800000002,97179.2
2024-12-31,長崎県,1046691.3720000011,141599.32
2024-12-31,長野県,1843540.0000000016,0.0
2024-12-31,青森県,974672.1000000001,914625.1
2024-12-31,静岡県,2613358.7999999905,183492.9
2024-12-31,香川県,964563.4790000011,58.8
2024-12-31,高知県,527442.6820000005,87035.2
2024-12-31,鳥取県,446285.9209999998,57000.0
2024-12-31,鹿児島県,2577294.2440000013,247598.7
2025-03-31,三重県,3000061.5000000084,202058.8
2025-03-31,京都府,686510.5000000001,2.5
2025-03-31,佐賀県,760918.6250000006,74420.9
2025-03-31,兵庫県,3181238.866000005,50100.0
2025-03-31,北海道,2343165.3160000006,1443334.6
2025-03-31,千葉県,3574861.300000004,63807.5
2025-03-31,和歌山県,892953.7000000009,169040.8
2025-03-31,埼玉県,2139558.269999996,0.0
2025-03-31,大分県,1596761.554000001,25416.4
2025-03-31,大阪府,1285253.6000000031,0.0
2025-03-31,奈良県,674637.8,0.0
2025-03-31,宮城県,2544484.199999995,70147.4
2025-03-31,宮崎県,1726621.041000006,92897.5
2025-03-31,富山県,365210.1700000002,10795.0
2025-03-31,山口県,1642941.3869999999,111134.5
2025-03-31,山形県,380214.80000000005,121063.0
2025-03-31,山梨県,790142.6999999995,12.8
2025-03-31,岐阜県,1742074.7100000011,9203.0
2025-03-31,岡山県,2511366.1269999924,0.0
2025-03-31,岩手県,1205707.0999999999,300037.3
2025-03-31,島根県,420117.2279999999,180046.0
2025-03-31,広島県,1912273.910999999,0.0
2025-03-31,徳島県,862105.2640000001,54020.1
2025-03-31,愛媛県,1010112.591000001,129306.8
2025-03-31,愛知県,3303716.6999999974,68740.3
2025-03-31,新潟県,517885.0000000008,33431.1
2025-03-31,東京都,852979.2200000007,0.0
2025-03-31,栃木県,3304403.3,0.0
2025-03-31,沖縄県,452090.269,16456.0
2025-03-31,滋賀県,1051491.6000000003,0.0
2025-03-31,熊本県,2059739.5569999926,42757.7
2025-03-31,石川県,684469.1719999999,132025.8
2025-03-31,神奈川県,1031761.5999999926,5370.0
2025-03-31,福井県,288826.223,35050.0
2025-03-31,福岡県,2648213.374999997,36308.5
2025-03-31,福島県,3598821.7000000062,310429.7
2025-03-31,秋田県,332480.2999999999,819327.3
2025-03-31,群馬県,2863841.500000007,56.0
2025-03-31,茨城県,4733638.400000002,107179.2
2025-03-31,長崎県,1049925.242000001,141599.32
2025-03-31,長野県,1852748.3000000017,0.0
2025-03-31,青森県,978945.0000000002,943615.1
2025-03-31,静岡県,2631208.8999999897,183492.9
2025-03-31,香川県,973222.3640000012,58.8
2025-03-31,高知県,530919.9710000006,87935.2
2025-03-31,鳥取県,447780.18499999976,57000.0
2025-03-31,鹿児島県,2591820.8840000015,247598.7
2025-06-30,三重県,3007629.700000008,202058.8
2025-06-30,京都府,692107.2000000002,2.5
2025-06-30,佐賀県,763342.1150000003,74420.9
2025-06-30,兵庫県,3197644.4660000047,50100.0
2025-06-30,北海道,2354300.9740000004,1443119.6
2025-06-30,千葉県,3593152.3000000045,63807.5
2025-06-30,和歌山県,895002.8000000011,139040.8
2025-06-30,埼玉県,2152103.3699999964,0.0
2025-06-30,大分県,1597200.6740000008,32896.4
2025-06-30,大阪府,1299406.8000000035,0.0
2025-06-30,奈良県,676125.5000000002,0.0
2025-06-30,宮城県,2580817.499999996,70147.4
2025-06-30,宮崎県,1687064.301000006,92897.5
2025-06-30,富山県,366552.64200000017,8995.0
2025-06-30,山口県,1656157.536,111134.5
2025-06-30,山形県,380829.5,121063.0
2025-06-30,山梨県,793462.2999999996,12.8
2025-06-30,岐阜県,1750926.2100000011,9203.0
2025-06-30,岡山県,2515988.997999992,0.0
2025-06-30,岩手県,1207631.7,300037.3
2025-06-30,島根県,419229.1279999999,180046.0
2025-06-30,広島県,1904647.7339999988,0.0
2025-06-30,徳島県,865863.2110000001,54039.6
2025-06-30,愛媛県,1012352.1410000009,116625.8
2025-06-30,愛知県,3315407.299999997,68740.3
2025-06-30,新潟県,519390.0000000008,33431.1
2025-06-30,東京都,876912.7200000007,0.0
2025-06-30,栃木県,3323144.0999999996,0.0
2025-06-30,沖縄県,455231.08200000005,16475.5
2025-06-30,滋賀県,1060485.7000000002,0.0
2025-06-30,熊本県,2059831.096999992,42757.7
2025-06-30,石川県,685519.5389999999,132025.8
2025-06-30,神奈川県,1040819.9999999925,5370.0
2025-06-30,福井県,287667.40400000004,27050.0
2025-06-30,福岡県,2669122.004999997,37318.5
2025-06-30,福島県,3608301.400000006,470929.7
2025-06-30,秋田県,333259.4999999999,819249.0
2025-06-30,群馬県,2875832.3000000077,56.0
2025-06-30,茨城県,4732051.700000002,107179.2
2025-06-30,長崎県,1051986.6680000012,149097.72
2025-06-30,長野県,1897036.9000000018,0.0
2025-06-30,青森県,981117.9,944247.1
2025-06-30,静岡県,2642138.399999989,183492.9
2025-06-30,香川県,975915.6760000011,58.8
2025-06-30,高知県,533198.8980000006,87935.2
2025-06-30,鳥取県,449404.7129999998,57000.0
2025-06-30,鹿児島県,2583035.3340000017,250088.7
2025-09-30,三重県,3028123.4000000088,152058.8
2025-09-30,京都府,699792.2000000002,2.5
2025-09-30,佐賀県,766196.6850000004,47201.3
2025-09-30,兵庫県,3212383.866000004,50100.0
2025-09-30,北海道,2354438.6330000004,1386515.6
2025-09-30,千葉県,3625770.300000005,63807.5
2025-09-30,和歌山県,896688.9000000012,139040.8
2025-09-30,埼玉県,2176835.569999996,0.0
2025-09-30,大分県,1607439.0440000014,32896.4
2025-09-30,大阪府,1313624.500000004,0.0
2025-09-30,奈良県,680241.2000000002,0.0
2025-09-30,宮城県,2589904.7999999956,70147.4
2025-09-30,宮崎県,1705544.2610000062,92897.5
2025-09-30,富山県,367518.3190000002,8995.0
2025-09-30,山口県,1661583.0220000003,61134.5
2025-09-30,山形県,382274.7,119563.0
2025-09-30,山梨県,797994.9999999997,12.8
2025-09-30,岐阜県,1761049.9100000013,9203.0
2025-09-30,岡山県,2516104.9079999914,0.0
2025-09-30,岩手県,1216575.7,300037.3
2025-09-30,島根県,422754.3979999999,178346.0
2025-09-30,広島県,1923809.3049999988,0.0
2025-09-30,徳島県,868638.506,54039.6
2025-09-30,愛媛県,1017733.4690000005,116625.8
2025-09-30,愛知県,3361990.399999996,68740.3
2025-09-30,新潟県,522407.30000000086,33431.1
2025-09-30,東京都,919984.620000001,0.0
2025-09-30,栃木県,3352233.3999999994,0.0
2025-09-30,沖縄県,457310.78199999995,16475.5
2025-09-30,滋賀県,1070006.9000000004,0.0
2025-09-30,熊本県,2095759.9369999915,42757.7
2025-09-30,石川県,687590.3459999999,132025.8
2025-09-30,神奈川県,1056679.499999992,5370.0
2025-09-30,福井県,290407.389,27050.0
2025-09-30,福岡県,2674695.269999996,37318.5
2025-09-30,福島県,3690146.600000006,470929.7
2025-09-30,秋田県,334166.3999999999,913839.5
2025-09-30,群馬県,2884283.000000008,56.0
2025-09-30,茨城県,4780145.700000003,105379.2
2025-09-30,長崎県,1055109.4480000013,149097.72
2025-09-30,長野県,1908770.600000002,0.0
2025-09-30,青森県,985380.6000000001,977266.9
2025-09-30,静岡県,2662398.1999999876,183473.4
2025-09-30,香川県,979523.2870000013,58.8
2025-09-30,高知県,534223.2060000006,87035.2
2025-09-30,鳥取県,451290.4879999999,57000.0
2025-09-30,鹿児島県,2589017.001000001,239688.7
2025-12-31,三重県,3037174.400000009,202058.8
2025-12-31,京都府,706356.0000000001,2.5
2025-12-31,佐賀県,768566.8450000004,47201.3
2025-12-31,兵庫県,3168232.0660000034,50100.0
2025-12-31,北海道,2359481.9550000005,1413450.0
2025-12-31,千葉県,3637022.2000000053,71307.5
2025-12-31,和歌山県,898985.600000001,169040.8
2025-12-31,埼玉県,2192607.569999996,0.0
2025-12-31,大分県,1612862.9240000008,32896.4
2025-12-31,大阪府,1329358.5000000042,0.0
2025-12-31,奈良県,687475.1000000003,0.0
2025-12-31,宮城県,2598362.7999999956,70147.4
2025-12-31,宮崎県,1752759.8010000065,92897.5
2025-12-31,富山県,369211.0890000002,8995.0
2025-12-31,山口県,1675650.4260000007,109634.5
2025-12-31,山形県,383415.9000000001,119563.0
2025-12-31,山梨県,801991.6999999997,12.8
2025-12-31,岐阜県,1769262.4100000013,9203.0
2025-12-31,岡山県,2552246.8519999906,0.0
2025-12-31,岩手県,1222136.4,307517.3
2025-12-31,島根県,425556.63800000004,178346.0
2025-12-31,広島県,1930639.8289999978,0.0
2025-12-31,徳島県,871636.0320000001,54020.0
2025-12-31,愛媛県,1021465.199,116625.8
2025-12-31,愛知県,3385766.0999999964,66743.5
2025-12-31,新潟県,520556.90000000113,33431.1
2025-12-31,東京都,959207.2200000015,0.0
2025-12-31,栃木県,3361929.499999999,0.0
2025-12-31,沖縄県,459854.3019999999,16475.5
2025-12-31,滋賀県,1076777.6000000003,0.0
2025-12-31,熊本県,2104878.046999991,42757.7
2025-12-31,石川県,690257.769,132025.8
2025-12-31,神奈川県,1069832.0999999917,5370.0
2025-12-31,福井県,291637.51700000005,35050.0
2025-12-31,福岡県,2683784.2799999947,39308.5
2025-12-31,福島県,3694959.300000007,516129.7
2025-12-31,秋田県,334198.1999999999,921300.0
2025-12-31,群馬県,2898012.000000008,52.8
2025-12-31,茨城県,4813270.8000000045,105379.2
2025-12-31,長崎県,1057579.9480000013,149097.72
2025-12-31,長野県,1932032.000000002,0.0
2025-12-31,青森県,996686.3000000002,984814.3
2025-12-31,静岡県,2695452.199999987,183453.8
2025-12-31,香川県,991404.3860000015,58.8
2025-12-31,高知県,538651.1710000007,87035.2
2025-12-31,鳥取県,454081.59799999994,57000.0
2025-12-31,鹿児島県,2593946.971000001,237888.7
