sample,y,var,q10,q50,q90,IQR,IQR_se,IQR_p,IQR_p_norm,OLS,OLS_se,OLS_p
九州 FY2016–19（F&O再現）,PV時間平均価格（水準）,load_冬,0.6192041380473086,0.6263498058644643,0.7298639129257936,0.110659774878485,0.1272759463086114,0.30666666666666664,0.38460231929028144,,,
九州 FY2016–19（F&O再現）,PV時間平均価格（水準）,load_春,0.5220357439937118,0.536477163191428,0.679778155547865,0.15774241155415325,0.13375755263258546,0.30666666666666664,0.23827240036086028,,,
九州 FY2016–19（F&O再現）,PV時間平均価格（水準）,load_夏,0.4049780741453901,0.4970279020258648,0.7349178535478131,0.32993977940242303,0.13730228260675958,0.02666666666666667,0.01626041201536843,,,
九州 FY2016–19（F&O再現）,PV時間平均価格（水準）,load_秋,0.5168263864375717,0.5262156965031579,0.6846822973793678,0.16785591094179608,0.12518939978982818,0.18666666666666668,0.17998030211256832,,,
九州 FY2016–19（F&O再現）,PV時間平均価格（水準）,solar_冬,-0.8674812968998822,-0.8086055172270576,-0.9677418359460717,-0.10026053904618948,0.21801525186922255,0.76,0.6456033936381518,,,
九州 FY2016–19（F&O再現）,PV時間平均価格（水準）,solar_春,-0.421437646961067,-0.4791756948584407,-0.6806630091214174,-0.2592253621603504,0.1305477562442108,0.08,0.04706946839436155,,,
九州 FY2016–19（F&O再現）,PV時間平均価格（水準）,solar_夏,-0.14823336648078111,-0.43769829032441976,-0.568838878114434,-0.4206055116336529,0.3378596840359088,0.4666666666666667,0.21316416830391294,,,
九州 FY2016–19（F&O再現）,PV時間平均価格（水準）,solar_秋,-0.6307029974922784,-0.5244893671088278,-0.8201929431388635,-0.18948994564658506,0.2783950227866635,0.32,0.496092132239043,,,
九州 FY2016–19（F&O再現）,TB4hスプレッド（日内・OLS）,load_冬,,,,,,,,0.6693051746951477,0.13364305777543214,5.495421521098568e-07
九州 FY2016–19（F&O再現）,TB4hスプレッド（日内・OLS）,load_春,,,,,,,,0.6914586852181654,0.13758880838880394,5.020060262475396e-07
九州 FY2016–19（F&O再現）,TB4hスプレッド（日内・OLS）,load_夏,,,,,,,,1.1101321450773884,0.127608917049895,3.3338714966898985e-18
九州 FY2016–19（F&O再現）,TB4hスプレッド（日内・OLS）,load_秋,,,,,,,,0.7989061618036281,0.12816217441450847,4.559626492876737e-10
九州 FY2016–19（F&O再現）,TB4hスプレッド（日内・OLS）,solar_冬,,,,,,,,0.7391210754453816,0.16848209387513277,1.1495573615186477e-05
九州 FY2016–19（F&O再現）,TB4hスプレッド（日内・OLS）,solar_春,,,,,,,,0.28427407738387933,0.10852073755989464,0.008804924408539003
九州 FY2016–19（F&O再現）,TB4hスプレッド（日内・OLS）,solar_夏,,,,,,,,0.01599210935242812,0.27015738955940477,0.9527963714360971
九州 FY2016–19（F&O再現）,TB4hスプレッド（日内・OLS）,solar_秋,,,,,,,,0.9133434498010603,0.17357721177815008,1.4258539577221977e-07
九州 FY2016–19（F&O再現）,24h平均価格（OLS）,load_冬,,,,,,,,0.6027431289418727,0.04839599716985262,1.3234227868460863e-35
九州 FY2016–19（F&O再現）,24h平均価格（OLS）,load_春,,,,,,,,0.5284683838239779,0.05082209029580012,2.521331784643348e-25
九州 FY2016–19（F&O再現）,24h平均価格（OLS）,load_夏,,,,,,,,0.4002328390366662,0.04576437648969295,2.220094127834612e-18
九州 FY2016–19（F&O再現）,24h平均価格（OLS）,load_秋,,,,,,,,0.4996338673053323,0.04809349885172984,2.788314510258922e-25
九州 FY2016–19（F&O再現）,24h平均価格（OLS）,solar_冬,,,,,,,,-0.3677987302689766,0.06942645766997153,1.1728720959385632e-07
九州 FY2016–19（F&O再現）,24h平均価格（OLS）,solar_春,,,,,,,,-0.1986998386203821,0.04795566800236263,3.4218424197813896e-05
九州 FY2016–19（F&O再現）,24h平均価格（OLS）,solar_夏,,,,,,,,-0.17084426430726382,0.0799168538642837,0.032534996751006795
九州 FY2016–19（F&O再現）,24h平均価格（OLS）,solar_秋,,,,,,,,-0.199305283392067,0.061633537368534844,0.0012219140076902826
九州 FY2023–25,PV時間平均価格（水準）,load_冬,0.8538760378032249,1.1179783103669778,0.9902910523878662,0.13641501458464134,0.15801622080829644,0.4,0.3879738968096935,,,
九州 FY2023–25,PV時間平均価格（水準）,load_春,0.7038138136754449,0.968369810761718,0.8615015183110276,0.15768770463558268,0.2218225247265117,0.4533333333333333,0.4771627682660844,,,
九州 FY2023–25,PV時間平均価格（水準）,load_夏,1.4877148028254563,1.3121567242532377,1.3374557282949993,-0.15025907453045706,0.20736378973751188,0.44,0.46868777457852717,,,
九州 FY2023–25,PV時間平均価格（水準）,load_秋,1.261732096653756,1.323746299895706,1.3116510973282844,0.04991900067452848,0.23813830281368104,0.7333333333333333,0.833962794908254,,,
九州 FY2023–25,PV時間平均価格（水準）,solar_冬,-0.794660085768546,-1.0161723005543564,-1.3367702556820382,-0.5421101699134923,0.18818685090145854,0.02666666666666667,0.003967910550289222,,,
九州 FY2023–25,PV時間平均価格（水準）,solar_春,-1.0078241991838117,-1.431287605046405,-1.746148504415345,-0.7383243052315334,0.21720368951177504,0.0,0.000675769922908076,,,
九州 FY2023–25,PV時間平均価格（水準）,solar_夏,-1.6880690741897495,-1.3393243042871337,-2.1665289176937645,-0.47845984350401505,0.5786645533451885,0.6933333333333334,0.4083308463125199,,,
九州 FY2023–25,PV時間平均価格（水準）,solar_秋,-1.464243663666197,-1.424988767329031,-1.8872505734750766,-0.42300690980887956,0.2530229048168076,0.28,0.09456125846710761,,,
九州 FY2023–25,PV時間平均価格（水準）,wind_冬,0.7714677842159479,-0.7124938670919322,-2.600216872011643,-3.3716846562275906,1.9303774963869935,0.12,0.08069889544552122,,,
九州 FY2023–25,PV時間平均価格（水準）,wind_春,3.079994793896125,3.202277538082911,5.427538717630084,2.3475439237339595,3.9563729872752775,0.92,0.5529418677914255,,,
九州 FY2023–25,PV時間平均価格（水準）,wind_夏,-4.365160756779523,-1.9011153343970275,-4.288715487282281,0.07644526949724195,7.817895386276035,0.4533333333333333,0.9921982163625302,,,
九州 FY2023–25,PV時間平均価格（水準）,wind_秋,-0.1439807556423066,-3.536193682425054,-6.238530060749495,-6.094549305107188,3.900969952161853,0.38666666666666666,0.11821347204082255,,,
九州 FY2023–25,TB4hスプレッド（日内・OLS）,load_冬,,,,,,,,0.07924970565384001,0.1433988495905628,0.5805015142762397
九州 FY2023–25,TB4hスプレッド（日内・OLS）,load_春,,,,,,,,0.09495634930042708,0.1919837995265279,0.6208782287282666
九州 FY2023–25,TB4hスプレッド（日内・OLS）,load_夏,,,,,,,,0.4690615309909191,0.16820338949481486,0.005292711462408316
九州 FY2023–25,TB4hスプレッド（日内・OLS）,load_秋,,,,,,,,0.16189841597680726,0.19241050467630347,0.40011161064315026
九州 FY2023–25,TB4hスプレッド（日内・OLS）,solar_冬,,,,,,,,2.110817277252487,0.25330222270789926,7.868818526051024e-17
九州 FY2023–25,TB4hスプレッド（日内・OLS）,solar_春,,,,,,,,1.67794178980007,0.10160142735460938,2.8643108284225266e-61
九州 FY2023–25,TB4hスプレッド（日内・OLS）,solar_夏,,,,,,,,0.7700024352134021,0.2623377044760645,0.0033337861059872273
九州 FY2023–25,TB4hスプレッド（日内・OLS）,solar_秋,,,,,,,,2.152028405890461,0.20318871944046152,3.270919490249559e-26
九州 FY2023–25,TB4hスプレッド（日内・OLS）,wind_冬,,,,,,,,0.5630195854249109,2.1483798914033385,0.7932697476978903
九州 FY2023–25,TB4hスプレッド（日内・OLS）,wind_春,,,,,,,,4.459583546388732,2.2985865315514573,0.052362473224151516
九州 FY2023–25,TB4hスプレッド（日内・OLS）,wind_夏,,,,,,,,0.35653247261546195,4.256805659347869,0.9332505332250897
九州 FY2023–25,TB4hスプレッド（日内・OLS）,wind_秋,,,,,,,,-2.8832539882323163,2.402170846072471,0.2300344344420211
九州 FY2023–25,24h平均価格（OLS）,load_冬,,,,,,,,0.7140454571359164,0.06687663188190342,1.3034153494053605e-26
九州 FY2023–25,24h平均価格（OLS）,load_春,,,,,,,,0.4419366047582397,0.09624363305360911,4.393280079649352e-06
九州 FY2023–25,24h平均価格（OLS）,load_夏,,,,,,,,0.927773439334289,0.07647460462555423,7.167021297808641e-34
九州 FY2023–25,24h平均価格（OLS）,load_秋,,,,,,,,0.8093531974494645,0.09674407342409369,5.964756121517678e-17
九州 FY2023–25,24h平均価格（OLS）,solar_冬,,,,,,,,-0.356115039936697,0.08917386825991097,6.510755231969477e-05
九州 FY2023–25,24h平均価格（OLS）,solar_春,,,,,,,,-0.6569096804706918,0.06499468600448889,5.13674915059479e-24
九州 FY2023–25,24h平均価格（OLS）,solar_夏,,,,,,,,-0.8288563094673054,0.12611757694657266,4.96132143875239e-11
九州 FY2023–25,24h平均価格（OLS）,solar_秋,,,,,,,,-0.6177681436025426,0.09978288822726782,5.973703432834301e-10
九州 FY2023–25,24h平均価格（OLS）,wind_冬,,,,,,,,-0.5437895911698846,0.7239307385130905,0.45255489227631307
九州 FY2023–25,24h平均価格（OLS）,wind_春,,,,,,,,4.7595982230276555,1.3202252456571935,0.00031198344025299573
九州 FY2023–25,24h平均価格（OLS）,wind_夏,,,,,,,,-1.2825333565874608,2.095841856199289,0.5405762271160461
九州 FY2023–25,24h平均価格（OLS）,wind_秋,,,,,,,,-3.634119795284401,1.2090694149144987,0.002649559699438496
北海道 FY2016–19,PV時間平均価格（水準）,load_冬,0.876253366543832,1.2471805395614388,2.1943233580409274,1.3180699914970955,0.6756970957967653,0.06666666666666667,0.05109491597358362,,,
北海道 FY2016–19,PV時間平均価格（水準）,load_春,0.7269241910041517,1.0458926424426418,2.2445495635581394,1.5176253725539877,0.8248564996405854,0.08,0.06578792274169953,,,
北海道 FY2016–19,PV時間平均価格（水準）,load_夏,0.6456795616161475,0.9483206115828332,2.1602018867454227,1.5145223251292752,0.9349502838412768,0.10666666666666667,0.10525459624326605,,,
北海道 FY2016–19,PV時間平均価格（水準）,load_秋,0.7729240706633301,1.232108835220106,2.3695395014014045,1.5966154307380744,0.7259774588350245,0.04,0.027859220458216427,,,
北海道 FY2016–19,PV時間平均価格（水準）,solar_冬,-5.633734172641426,-4.438752027820667,-4.1794326016074885,1.4543015710339375,2.5489499964595814,0.38666666666666666,0.5683052117981329,,,
北海道 FY2016–19,PV時間平均価格（水準）,solar_春,-3.9390297165218873,-1.3180763487122482,-0.6631797086152594,3.275850007906628,1.5569044992135708,0.04,0.035371559379025586,,,
北海道 FY2016–19,PV時間平均価格（水準）,solar_夏,-2.429897951981793,-0.8808049030235102,-0.33361145041851625,2.096286501563277,2.8411155114485083,0.32,0.4606121466713393,,,
北海道 FY2016–19,PV時間平均価格（水準）,solar_秋,-2.9200281314679453,-2.25303244707673,-2.0497448524152104,0.8702832790527348,1.9692917995400847,0.5466666666666666,0.6585420090923679,,,
北海道 FY2016–19,PV時間平均価格（水準）,wind_冬,-8.345352177919294,-5.436543459781186,-5.041893240842639,3.3034589370766545,5.141553329064878,0.3466666666666667,0.5205472103457911,,,
北海道 FY2016–19,PV時間平均価格（水準）,wind_春,-5.1588637671914634,-3.203835623635403,-7.5969652558433305,-2.438101488651867,4.469430381958627,0.8266666666666667,0.5854054937122821,,,
北海道 FY2016–19,PV時間平均価格（水準）,wind_夏,-4.619681949632551,-0.5528174108900222,-1.0460751309735035,3.573606818659048,8.905902533487316,0.7333333333333333,0.6882266958162693,,,
北海道 FY2016–19,PV時間平均価格（水準）,wind_秋,-8.133589890772885,-4.715923516587885,-5.3997831980245525,2.733806692748333,3.9924604623742286,0.26666666666666666,0.49350653039564873,,,
北海道 FY2016–19,TB4hスプレッド（日内・OLS）,load_冬,,,,,,,,2.2188189510805585,0.5496560095126191,5.419884574770954e-05
北海道 FY2016–19,TB4hスプレッド（日内・OLS）,load_春,,,,,,,,2.914494008807856,0.7861503959511246,0.00020948215946507893
北海道 FY2016–19,TB4hスプレッド（日内・OLS）,load_夏,,,,,,,,3.5217059884469784,0.7308998851600598,1.4477556913948144e-06
北海道 FY2016–19,TB4hスプレッド（日内・OLS）,load_秋,,,,,,,,2.570332149208145,0.5742266643789707,7.599647221176017e-06
北海道 FY2016–19,TB4hスプレッド（日内・OLS）,solar_冬,,,,,,,,4.363466908021571,2.292475347791098,0.0569901153715919
北海道 FY2016–19,TB4hスプレッド（日内・OLS）,solar_春,,,,,,,,7.1691373765253505,2.244349580541497,0.001401678809125859
北海道 FY2016–19,TB4hスプレッド（日内・OLS）,solar_夏,,,,,,,,2.174269953063392,2.959693131169555,0.4625667994571634
北海道 FY2016–19,TB4hスプレッド（日内・OLS）,solar_秋,,,,,,,,5.747974105019006,1.9931051802080282,0.003927471188764723
北海道 FY2016–19,TB4hスプレッド（日内・OLS）,wind_冬,,,,,,,,1.5639681804820875,3.24875356058941,0.6302282522907245
北海道 FY2016–19,TB4hスプレッド（日内・OLS）,wind_春,,,,,,,,-14.646406358350356,5.426299113733163,0.006951640784278602
北海道 FY2016–19,TB4hスプレッド（日内・OLS）,wind_夏,,,,,,,,-7.936444571394666,5.818038941343633,0.17253297654498823
北海道 FY2016–19,TB4hスプレッド（日内・OLS）,wind_秋,,,,,,,,-1.6380336232417843,3.1869072609970046,0.6072600439688044
北海道 FY2016–19,24h平均価格（OLS）,load_冬,,,,,,,,0.8398474934527805,0.23347644955512636,0.00032173524121494436
北海道 FY2016–19,24h平均価格（OLS）,load_春,,,,,,,,0.916893771649305,0.3245962064570752,0.004732177848109005
北海道 FY2016–19,24h平均価格（OLS）,load_夏,,,,,,,,0.663039996290825,0.3002216450713589,0.027209323432543796
北海道 FY2016–19,24h平均価格（OLS）,load_秋,,,,,,,,0.9166215481153485,0.24681535086333656,0.00020417442967450344
北海道 FY2016–19,24h平均価格（OLS）,solar_冬,,,,,,,,-1.8343651945702968,0.9588838909606787,0.05574534079512815
北海道 FY2016–19,24h平均価格（OLS）,solar_春,,,,,,,,0.1790718861001292,0.8565211291495636,0.8343944926882816
北海道 FY2016–19,24h平均価格（OLS）,solar_夏,,,,,,,,0.8026583084809715,0.9299574873857878,0.3880753932509413
北海道 FY2016–19,24h平均価格（OLS）,solar_秋,,,,,,,,0.033827034547160774,0.8760637737296657,0.9691993160685877
北海道 FY2016–19,24h平均価格（OLS）,wind_冬,,,,,,,,-2.851147018554228,1.512990632806145,0.059504862655185856
北海道 FY2016–19,24h平均価格（OLS）,wind_春,,,,,,,,-5.523133642182379,2.244970570061844,0.013884977782098082
北海道 FY2016–19,24h平均価格（OLS）,wind_夏,,,,,,,,-0.004421162047010527,2.209953294422453,0.9984037786708129
北海道 FY2016–19,24h平均価格（OLS）,wind_秋,,,,,,,,-4.797516006610518,1.6388165312043113,0.0034177912001436615
北海道 FY2023–25,PV時間平均価格（水準）,load_冬,2.510282173113149,1.8628614666284118,1.981671430892243,-0.5286107422209059,0.6503467417423459,0.7733333333333333,0.416324878862544,,,
北海道 FY2023–25,PV時間平均価格（水準）,load_春,3.4177008732071834,3.2033974931812788,3.2600854272227853,-0.15761544598439814,0.7911098715090463,0.6266666666666667,0.8420802364603284,,,
北海道 FY2023–25,PV時間平均価格（水準）,load_夏,4.052959318817318,2.8191746532888313,2.684795058346192,-1.3681642604711257,0.8952154071026898,0.25333333333333335,0.1264362531055172,,,
北海道 FY2023–25,PV時間平均価格（水準）,load_秋,3.364219821332669,2.704325088689802,3.5708772085883176,0.20665738725564875,0.9512340925566782,0.5733333333333334,0.8280120619246887,,,
北海道 FY2023–25,PV時間平均価格（水準）,solar_冬,-0.6878378684466241,-1.0751966088251326,-2.6517391179028555,-1.9639012494562316,1.2780453416632838,0.16,0.1243804072877972,,,
北海道 FY2023–25,PV時間平均価格（水準）,solar_春,-3.195329264725469,-5.075839543219715,-6.104195927122426,-2.9088666623969566,1.6105058282997518,0.06666666666666667,0.07088991322356986,,,
北海道 FY2023–25,PV時間平均価格（水準）,solar_夏,-5.777144090913995,-4.0974116784924615,-5.0045606002649325,0.7725834906490627,1.6812902935753675,0.4533333333333333,0.6458620849556345,,,
北海道 FY2023–25,PV時間平均価格（水準）,solar_秋,-1.892442076090905,-3.0962739015367178,-5.7561224742845365,-3.8636803981936314,1.9415286954910191,0.08,0.04658876282147184,,,
北海道 FY2023–25,PV時間平均価格（水準）,wind_冬,-2.34482507495232,-3.794004698016084,-5.510388358525266,-3.165563283572946,1.0883448369199171,0.0,0.003630473212978158,,,
北海道 FY2023–25,PV時間平均価格（水準）,wind_春,-5.116277199595583,-5.770926075646393,-6.1104816723731945,-0.9942044727776116,2.085342486785637,0.92,0.6335341971565065,,,
北海道 FY2023–25,PV時間平均価格（水準）,wind_夏,-5.0494351775219375,-3.3515175457834268,-2.2274145659736746,2.822020611548263,2.8655144653838467,0.3333333333333333,0.3247116965874006,,,
北海道 FY2023–25,PV時間平均価格（水準）,wind_秋,-6.830656893803546,-5.808023941065662,-10.700369223770778,-3.869712329967232,2.263055593749214,0.18666666666666668,0.08727508524434957,,,
北海道 FY2023–25,TB4hスプレッド（日内・OLS）,load_冬,,,,,,,,-1.5838813006494958,0.45635699251310535,0.0005190905298724977
北海道 FY2023–25,TB4hスプレッド（日内・OLS）,load_春,,,,,,,,-2.4238792273767746,0.5208807425883264,3.2646711926745457e-06
北海道 FY2023–25,TB4hスプレッド（日内・OLS）,load_夏,,,,,,,,-1.3528069340687958,0.5318631277984638,0.010974033831055713
北海道 FY2023–25,TB4hスプレッド（日内・OLS）,load_秋,,,,,,,,-0.9405041428330314,0.6243216825403382,0.13195385308644164
北海道 FY2023–25,TB4hスプレッド（日内・OLS）,solar_冬,,,,,,,,4.398926911847504,0.9232277952130268,1.8911102774807853e-06
北海道 FY2023–25,TB4hスプレッド（日内・OLS）,solar_春,,,,,,,,7.715897436825481,0.7367071729633285,1.143442030432364e-25
北海道 FY2023–25,TB4hスプレッド（日内・OLS）,solar_夏,,,,,,,,4.974042263338003,1.3326988538520819,0.00018973349358020392
北海道 FY2023–25,TB4hスプレッド（日内・OLS）,solar_秋,,,,,,,,4.747292362237243,1.6520657241923828,0.004058876802692192
北海道 FY2023–25,TB4hスプレッド（日内・OLS）,wind_冬,,,,,,,,-1.4765260094883783,1.2189706858814782,0.22578459192474365
北海道 FY2023–25,TB4hスプレッド（日内・OLS）,wind_春,,,,,,,,5.025379063588646,1.1799587382531125,2.0539423234615616e-05
北海道 FY2023–25,TB4hスプレッド（日内・OLS）,wind_夏,,,,,,,,3.4810518849731236,1.96172911178002,0.07598355062075413
北海道 FY2023–25,TB4hスプレッド（日内・OLS）,wind_秋,,,,,,,,-2.133287491306781,1.6832432251153464,0.20502397169631137
北海道 FY2023–25,24h平均価格（OLS）,load_冬,,,,,,,,1.4163462203316823,0.2092094614206452,1.2879019692882175e-11
北海道 FY2023–25,24h平均価格（OLS）,load_春,,,,,,,,2.4298059769089995,0.2751964958758158,1.0528647612290728e-18
北海道 FY2023–25,24h平均価格（OLS）,load_夏,,,,,,,,2.0730978197860477,0.2527086398371106,2.3346849235269556e-16
北海道 FY2023–25,24h平均価格（OLS）,load_秋,,,,,,,,2.111129209405513,0.25730221136885045,2.308553592465479e-16
北海道 FY2023–25,24h平均価格（OLS）,solar_冬,,,,,,,,0.22778815351343995,0.47704661221806083,0.6330085142965737
北海道 FY2023–25,24h平均価格（OLS）,solar_春,,,,,,,,-2.901035404842827,0.4475179888249259,9.021502797110674e-11
北海道 FY2023–25,24h平均価格（OLS）,solar_夏,,,,,,,,-2.3835871187724313,0.45213510619214253,1.3505762184949852e-07
北海道 FY2023–25,24h平均価格（OLS）,solar_秋,,,,,,,,-0.3160373815275894,0.7180673239042153,0.6598485926567521
北海道 FY2023–25,24h平均価格（OLS）,wind_冬,,,,,,,,-3.3786745890873973,0.5135069828414128,4.7169057664509266e-11
北海道 FY2023–25,24h平均価格（OLS）,wind_春,,,,,,,,-4.981709260293389,0.6862643665885292,3.894745912343242e-13
北海道 FY2023–25,24h平均価格（OLS）,wind_夏,,,,,,,,-3.0725318579133107,0.7239692903917088,2.1956198120051897e-05
北海道 FY2023–25,24h平均価格（OLS）,wind_秋,,,,,,,,-5.4946980457039025,0.6955682830034295,2.798423620976299e-15
