θ,資本費(万円/kWh),κP_cap,K*_容量定数(万kW),K*_北海道按分(万kW),K*_全国連系(万kW)
θ=1（FY2023-25）,2.3,1.25万,0.0,0.0,0.0
θ=1（FY2023-25）,2.3,1.75万,21.0,2.0,17.0
θ=1（FY2023-25）,2.3,2.5万,200.0,15.0,119.0
θ=1（FY2023-25）,4.0,1.25万,0.0,0.0,0.0
θ=1（FY2023-25）,4.0,1.75万,0.0,0.0,0.0
θ=1（FY2023-25）,4.0,2.5万,49.0,3.0,31.0
θ=1（FY2023-25）,6.8,1.25万,0.0,0.0,0.0
θ=1（FY2023-25）,6.8,1.75万,0.0,0.0,0.0
θ=1（FY2023-25）,6.8,2.5万,0.0,0.0,0.0
θ=1.57（FY2026上期）,2.3,1.25万,7.0,0.0,5.0
θ=1.57（FY2026上期）,2.3,1.75万,48.0,6.0,35.0
θ=1.57（FY2026上期）,2.3,2.5万,200.0,20.0,125.0
θ=1.57（FY2026上期）,4.0,1.25万,0.0,0.0,0.0
θ=1.57（FY2026上期）,4.0,1.75万,0.0,0.0,0.0
θ=1.57（FY2026上期）,4.0,2.5万,74.0,10.0,49.0
θ=1.57（FY2026上期）,6.8,1.25万,0.0,0.0,0.0
θ=1.57（FY2026上期）,6.8,1.75万,0.0,0.0,0.0
θ=1.57（FY2026上期）,6.8,2.5万,0.0,0.0,0.0
θ=1.72（FY2022）,2.3,1.25万,12.0,1.0,10.0
θ=1.72（FY2022）,2.3,1.75万,53.0,8.0,39.0
θ=1.72（FY2022）,2.3,2.5万,200.0,21.0,126.0
θ=1.72（FY2022）,4.0,1.25万,0.0,0.0,0.0
θ=1.72（FY2022）,4.0,1.75万,6.0,0.0,5.0
θ=1.72（FY2022）,4.0,2.5万,78.0,11.0,54.0
θ=1.72（FY2022）,6.8,1.25万,0.0,0.0,0.0
θ=1.72（FY2022）,6.8,1.75万,0.0,0.0,0.0
θ=1.72（FY2022）,6.8,2.5万,0.0,0.0,0.0
θ=2.5,2.3,1.25万,31.0,7.0,25.0
θ=2.5,2.3,1.75万,74.0,15.0,56.0
θ=2.5,2.3,2.5万,200.0,31.0,132.0
θ=2.5,4.0,1.25万,5.0,1.0,5.0
θ=2.5,4.0,1.75万,24.0,6.0,22.0
θ=2.5,4.0,2.5万,91.0,18.0,69.0
θ=2.5,6.8,1.25万,0.0,0.0,0.0
θ=2.5,6.8,1.75万,0.0,0.0,0.0
θ=2.5,6.8,2.5万,16.0,3.0,15.0
θ=3.0,2.3,1.25万,42.0,12.0,36.0
θ=3.0,2.3,1.75万,81.0,19.0,65.0
θ=3.0,2.3,2.5万,200.0,43.0,135.0
θ=3.0,4.0,1.25万,15.0,3.0,14.0
θ=3.0,4.0,1.75万,37.0,11.0,31.0
θ=3.0,4.0,2.5万,95.0,21.0,76.0
θ=3.0,6.8,1.25万,0.0,0.0,0.0
θ=3.0,6.8,1.75万,0.0,0.0,0.0
θ=3.0,6.8,2.5万,24.0,7.0,22.0
