round,no,company,project,type,kw,pref
1,1,オリックス株式会社,米原市湖東蓄電所（仮称）,蓄電池,96208,滋賀県
1,2,テス・エンジニアリング株式会社,静岡菊川蓄電所,蓄電池,22077,静岡県
1,7,CHCJapan株式会社,青森県青森市野木山口蓄電所,蓄電池,27158,青森県
1,8,CHCJapan株式会社,岡山美作蓄電所,蓄電池,22719,岡山県
1,9,CHCJapan株式会社,北海道札幌市西区宮の沢蓄電所,蓄電池,28060,北海道
1,10,CHCJapan株式会社,留辺蘂蓄電所,蓄電池,25250,北海道
1,14,株式会社レノバ,苫小牧蓄電所,蓄電池,70213,北海道
1,15,株式会社レノバ,白老蓄電所,蓄電池,39027,北海道
1,16,株式会社レノバ,森町睦実２蓄電所,蓄電池,56351,北海道
1,19,ヘキサ・エネルギーサービス合同会社,伊賀市川西蓄電システム,蓄電池,22531,三重県
1,20,ヘキサ・エネルギーサービス合同会社,恵庭市西島松蓄電システム,蓄電池,23217,北海道
1,21,ヘキサ・エネルギーサービス合同会社,小矢部市石名田蓄電システム,蓄電池,39983,富山県
1,22,ヘキサ・エネルギーサービス合同会社,熊本市北区弓削蓄電システム,蓄電池,29615,熊本県
1,23,ヘキサ・エネルギーサービス合同会社,田川市大字伊加利②蓄電システム,蓄電池,22189,福岡県
1,24,ヘキサ・エネルギーサービス合同会社,白老郡白老町北吉原蓄電システム,蓄電池,23393,北海道
1,25,ヘキサ・エネルギーサービス合同会社,白老郡白老町字石山蓄電システム,蓄電池,39004,北海道
1,26,ヘキサ・エネルギーサービス合同会社,福知山市字荒河蓄電システム,蓄電池,36918,京都府
1,27,ヘキサ・エネルギーサービス合同会社,松阪市上川町蓄電システム,蓄電池,28568,不明
1,28,ヘキサ・エネルギーサービス合同会社,美唄市字美唄蓄電システム,蓄電池,39004,不明
1,29,ヘキサ・エネルギーサービス合同会社,由利本荘市乙助渕蓄電システム,蓄電池,37597,不明
1,30,のぞみエナジー株式会社,AEJ大分県臼杵蓄電所事業（仮）,蓄電池,37019,大分県
1,31,のぞみエナジー株式会社,AEJ福岡県直方蓄電所（仮）,蓄電池,37019,福岡県
1,33,合同会社バッテリーパーク1,三重多気蓄電所,蓄電池,36222,三重県
1,34,合同会社バッテリーパーク1,FUKO-B1蓄電池発電所,蓄電池,36814,不明
1,35,株式会社樋口組,福島メガソーラー西郷村第一蓄電所,蓄電池,16535,福島県
1,36,福島蓄電池事業1合同会社,福島メガソーラー西郷村第二蓄電所,蓄電池,16527,福島県
1,37,ティーダ・パワー１１０合同会社,ＣＳ青森今別蓄電所,蓄電池,32677,青森県
1,38,ティーダ・パワー１１０合同会社,ＣＳ福島石川２蓄電所,蓄電池,37997,福島県
1,39,ティーダ・パワー１１０合同会社,ＣＳ山口新美祢２蓄電所,蓄電池,74669,山口県
1,40,株式会社城洋商事,夕張郡長沼町蓄電システム,蓄電池,37515,不明
2,7,自然電力株式会社,Shizen-601系統用蓄電池プロジェクト,蓄電池（運転継続時間が6時間以上）,47226,不明
2,9,Bison energy株式会社,Battery No.22蓄電所,蓄電池（運転継続時間が6時間以上）,129797,不明
2,10,Bison energy株式会社,Battery No.31蓄電所,蓄電池（運転継続時間が3時間以上6時間未満）,37827,不明
2,11,Bison energy株式会社,Battery No.32蓄電所,蓄電池（運転継続時間が3時間以上6時間未満）,30129,不明
2,12,ＢＳホールディングス株式会社,BS浪江,蓄電池（運転継続時間が3時間以上6時間未満）,49905,不明
2,13,日本蓄電株式会社,（仮称）Eshi BEES1,蓄電池（運転継続時間が3時間以上6時間未満）,119266,不明
2,14,イーディーエフ・ジャパン株式会社,（仮称）津山杉宮系統用蓄電所,蓄電池（運転継続時間が3時間以上6時間未満）,88654,不明
2,15,Risu Energy Development Holdings株式会社 Risu-101蓄電所,,蓄電池（運転継続時間が3時間以上6時間未満）,78922,不明
2,16,Risu Energy Development Holdings株式会社 Risu-203蓄電所,,蓄電池（運転継続時間が3時間以上6時間未満）,40705,不明
2,17,Risu Energy Development Holdings株式会社 Risu-301蓄電所,,蓄電池（運転継続時間が3時間以上6時間未満）,77545,不明
2,18,Risu Energy Development Holdings株式会社 Risu-502蓄電所,,蓄電池（運転継続時間が3時間以上6時間未満）,39832,不明
2,19,合同会社青葉電力,青葉第一蓄電所,蓄電池（運転継続時間が3時間以上6時間未満）,29195,不明
2,20,合同会社青葉電力,青葉第二蓄電所,蓄電池（運転継続時間が3時間以上6時間未満）,25953,不明
2,21,合同会社青葉電力,青葉第五蓄電所,蓄電池（運転継続時間が3時間以上6時間未満）,25953,不明
2,22,合同会社青葉電力,青葉第六蓄電所,蓄電池（運転継続時間が3時間以上6時間未満）,25784,不明
2,23,合同会社リチャージャブルエナジー,室蘭蓄電システム,蓄電池（運転継続時間が6時間以上）,46270,北海道
2,24,合同会社リチャージャブルエナジー,石巻蓄電システム,蓄電池（運転継続時間が3時間以上6時間未満）,25953,不明
2,25,合同会社SRE,SRE北海道G,蓄電池（運転継続時間が6時間以上）,46270,北海道
2,26,合同会社SRE,SRE山形県B,蓄電池（運転継続時間が3時間以上6時間未満）,29195,山形県
2,27,合同会社SRE,SRE秋田県F,蓄電池（運転継続時間が3時間以上6時間未満）,38930,秋田県
2,28,合同会社しろくま電力02,しろくま03,蓄電池（運転継続時間が3時間以上6時間未満）,36554,不明
2,29,合同会社しろくま電力02,しろくま04,蓄電池（運転継続時間が6時間以上）,46591,不明
2,30,合同会社スター1号,福島富岡第２蓄電所,蓄電池（運転継続時間が3時間以上6時間未満）,40582,福島県
2,31,合同会社スター1号,青森十和田蓄電所,蓄電池（運転継続時間が3時間以上6時間未満）,40566,青森県
2,32,合同会社スター1号,青森階上蓄電所,蓄電池（運転継続時間が3時間以上6時間未満）,40501,青森県
2,33,合同会社スター2号,青森八戸蓄電所,蓄電池（運転継続時間が6時間以上）,92548,青森県
2,34,合同会社スター4号,北海道北見蓄電所,蓄電池（運転継続時間が3時間以上6時間未満）,39383,北海道
3,6,CHCJapan株式会社,益田市蓄電所,蓄電池（リチウムイオン蓄電池）,75633,島根県
3,7,CHCJapan株式会社,新富町蓄電所,蓄電池（リチウムイオン蓄電池）,36722,宮崎県
3,9,ヘキサ・エネルギーサービス合同会社,HC25中国第一蓄電システム,蓄電池（リチウムイオン蓄電池以外の蓄電池）,46927,不明
3,10,ヘキサ・エネルギーサービス合同会社,HC25東北第二蓄電システム,蓄電池（リチウムイオン蓄電池以外の蓄電池）,43543,不明
3,12,合同会社NRE-54インベストメント,NRE中川第ニ蓄電所,蓄電池（リチウムイオン蓄電池）,46828,不明
3,13,Stonepeak Kingdom Holdings 合同会社 Kingdom-3,,蓄電池（リチウムイオン蓄電池以外の蓄電池）,95582,不明
3,14,Stonepeak Kingdom Holdings 合同会社 Kingdom-6,,蓄電池（リチウムイオン蓄電池以外の蓄電池）,45931,不明
3,15,Stonepeak Kingdom Holdings 合同会社 Kingdom-1,,蓄電池（リチウムイオン蓄電池）,32778,不明
3,16,合同会社蓄電所1号,蓄電所3号,蓄電池（リチウムイオン蓄電池以外の蓄電池）,36722,不明
3,17,合同会社蓄電所3号,Battery116号系統用蓄電所,蓄電池（リチウムイオン蓄電池以外の蓄電池）,141527,不明
3,18,合同会社蓄電所3号,Battery23号系統用蓄電所,蓄電池（リチウムイオン蓄電池以外の蓄電池）,140098,不明
3,20,合同会社ホモデウス,HD1号,蓄電池（リチウムイオン蓄電池）,45192,不明
3,21,合同会社ポーラーベアー,しろくま33,蓄電池（リチウムイオン蓄電池）,33737,不明
3,22,合同会社ポーラーベアー,しろくま36,蓄電池（リチウムイオン蓄電池）,30128,不明
3,23,合同会社ZEUS,ZEUS-A,蓄電池（リチウムイオン蓄電池以外の蓄電池）,75165,不明
3,24,合同会社ZEUS,ZEUS-B,蓄電池（リチウムイオン蓄電池以外の蓄電池）,74163,不明
3,25,ＣＳ青森八戸ＥＳＳ合同会社,ＣＳ青森八戸２蓄電所,蓄電池（リチウムイオン蓄電池）,90734,青森県
3,26,合同会社バッテリーパーク１５,鹿児島薩摩川内蓄電所,蓄電池（リチウムイオン蓄電池）,45705,鹿児島県
3,27,合同会社バッテリーパーク２０,宮城石巻蓄電所2号,蓄電池（リチウムイオン蓄電池）,114012,宮城県
