水準,下限,c,K(万kW),π_PF(円/kW-年),π_実現可能(円/kW-年),負価格時間(h/年)
θ=1（FY2023-25水準）,現行（下限0.01円）,0.01,0,8265,4943,0
θ=1（FY2023-25水準）,現行（下限0.01円）,0.01,10,7144,4035,0
θ=1（FY2023-25水準）,現行（下限0.01円）,0.01,25,5113,2389,0
θ=1（FY2023-25水準）,現行（下限0.01円）,0.01,50,3416,1015,0
θ=1（FY2023-25水準）,現行（下限0.01円）,0.01,100,961,-974,0
θ=1（FY2023-25水準）,現行（下限0.01円）,0.01,150,198,-1592,0
θ=1（FY2023-25水準）,現行（下限0.01円）,0.01,200,12,-1742,0
θ=1（FY2023-25水準）,下限 0円,-0.0,0,8266,4944,0
θ=1（FY2023-25水準）,下限 0円,-0.0,10,7145,4035,0
θ=1（FY2023-25水準）,下限 0円,-0.0,25,5113,2389,0
θ=1（FY2023-25水準）,下限 0円,-0.0,50,3416,1015,0
θ=1（FY2023-25水準）,下限 0円,-0.0,100,961,-974,0
θ=1（FY2023-25水準）,下限 0円,-0.0,150,198,-1592,0
θ=1（FY2023-25水準）,下限 0円,-0.0,200,12,-1742,0
θ=1（FY2023-25水準）,下限 −5円,-5.0,0,8708,5302,115
θ=1（FY2023-25水準）,下限 −5円,-5.0,10,7493,4317,87
θ=1（FY2023-25水準）,下限 −5円,-5.0,25,5280,2524,39
θ=1（FY2023-25水準）,下限 −5円,-5.0,50,3488,1073,17
θ=1（FY2023-25水準）,下限 −5円,-5.0,100,974,-963,3
θ=1（FY2023-25水準）,下限 −5円,-5.0,150,200,-1590,0
θ=1（FY2023-25水準）,下限 −5円,-5.0,200,12,-1742,0
θ=1（FY2023-25水準）,下限 −10円,-10.0,0,9150,5659,115
θ=1（FY2023-25水準）,下限 −10円,-10.0,10,7842,4600,87
θ=1（FY2023-25水準）,下限 −10円,-10.0,25,5446,2659,39
θ=1（FY2023-25水準）,下限 −10円,-10.0,50,3559,1131,17
θ=1（FY2023-25水準）,下限 −10円,-10.0,100,988,-952,3
θ=1（FY2023-25水準）,下限 −10円,-10.0,150,201,-1589,0
θ=1（FY2023-25水準）,下限 −10円,-10.0,200,12,-1742,0
θ=1.57（FY2026上期水準）,現行（下限0.01円）,0.01,0,12951,8738,0
θ=1.57（FY2026上期水準）,現行（下限0.01円）,0.01,10,11194,7315,0
θ=1.57（FY2026上期水準）,現行（下限0.01円）,0.01,25,8011,4737,0
θ=1.57（FY2026上期水準）,現行（下限0.01円）,0.01,50,5353,2584,0
θ=1.57（FY2026上期水準）,現行（下限0.01円）,0.01,100,1506,-532,0
θ=1.57（FY2026上期水準）,現行（下限0.01円）,0.01,150,310,-1501,0
θ=1.57（FY2026上期水準）,現行（下限0.01円）,0.01,200,19,-1736,0
θ=1.57（FY2026上期水準）,下限 0円,-0.0,0,12952,8739,0
θ=1.57（FY2026上期水準）,下限 0円,-0.0,10,11195,7316,0
θ=1.57（FY2026上期水準）,下限 0円,-0.0,25,8012,4737,0
θ=1.57（FY2026上期水準）,下限 0円,-0.0,50,5353,2584,0
θ=1.57（FY2026上期水準）,下限 0円,-0.0,100,1506,-532,0
θ=1.57（FY2026上期水準）,下限 0円,-0.0,150,310,-1501,0
θ=1.57（FY2026上期水準）,下限 0円,-0.0,200,19,-1736,0
θ=1.57（FY2026上期水準）,下限 −5円,-5.0,0,13393,9097,115
θ=1.57（FY2026上期水準）,下限 −5円,-5.0,10,11543,7598,87
θ=1.57（FY2026上期水準）,下限 −5円,-5.0,25,8178,4872,39
θ=1.57（FY2026上期水準）,下限 −5円,-5.0,50,5425,2642,17
θ=1.57（FY2026上期水準）,下限 −5円,-5.0,100,1519,-521,3
θ=1.57（FY2026上期水準）,下限 −5円,-5.0,150,312,-1499,0
θ=1.57（FY2026上期水準）,下限 −5円,-5.0,200,19,-1736,0
θ=1.57（FY2026上期水準）,下限 −10円,-10.0,0,13835,9454,115
θ=1.57（FY2026上期水準）,下限 −10円,-10.0,10,11891,7880,87
θ=1.57（FY2026上期水準）,下限 −10円,-10.0,25,8345,5007,39
θ=1.57（FY2026上期水準）,下限 −10円,-10.0,50,5496,2700,17
θ=1.57（FY2026上期水準）,下限 −10円,-10.0,100,1533,-510,3
θ=1.57（FY2026上期水準）,下限 −10円,-10.0,150,314,-1498,0
θ=1.57（FY2026上期水準）,下限 −10円,-10.0,200,19,-1736,0
θ=1・泊3号再稼働,現行（下限0.01円）,0.01,0,8690,5287,0
θ=1・泊3号再稼働,現行（下限0.01円）,0.01,10,7590,4396,0
θ=1・泊3号再稼働,現行（下限0.01円）,0.01,25,5698,2863,0
θ=1・泊3号再稼働,現行（下限0.01円）,0.01,50,4177,1631,0
θ=1・泊3号再稼働,現行（下限0.01円）,0.01,100,1652,-414,0
θ=1・泊3号再稼働,現行（下限0.01円）,0.01,150,577,-1285,0
θ=1・泊3号再稼働,現行（下限0.01円）,0.01,200,272,-1532,0
θ=1・泊3号再稼働,下限 0円,-0.0,0,8695,5291,0
θ=1・泊3号再稼働,下限 0円,-0.0,10,7594,4399,0
θ=1・泊3号再稼働,下限 0円,-0.0,25,5701,2866,0
θ=1・泊3号再稼働,下限 0円,-0.0,50,4179,1633,0
θ=1・泊3号再稼働,下限 0円,-0.0,100,1653,-413,0
θ=1・泊3号再稼働,下限 0円,-0.0,150,578,-1284,0
θ=1・泊3号再稼働,下限 0円,-0.0,200,272,-1531,0
θ=1・泊3号再稼働,下限 −5円,-5.0,0,11023,7177,762
θ=1・泊3号再稼働,下限 −5円,-5.0,10,9564,5995,649
θ=1・泊3号再稼働,下限 −5円,-5.0,25,7199,4079,485
θ=1・泊3号再稼働,下限 −5円,-5.0,50,5419,2638,376
θ=1・泊3号再稼働,下限 −5円,-5.0,100,2301,112,169
θ=1・泊3号再稼働,下限 −5円,-5.0,150,961,-974,90
θ=1・泊3号再稼働,下限 −5円,-5.0,200,484,-1360,49
θ=1・泊3号再稼働,下限 −10円,-10.0,0,13352,9063,762
θ=1・泊3号再稼働,下限 −10円,-10.0,10,11534,7590,649
θ=1・泊3号再稼働,下限 −10円,-10.0,25,8698,5293,485
θ=1・泊3号再稼働,下限 −10円,-10.0,50,6659,3642,376
θ=1・泊3号再稼働,下限 −10円,-10.0,100,2950,637,169
θ=1・泊3号再稼働,下限 −10円,-10.0,150,1344,-663,90
θ=1・泊3号再稼働,下限 −10円,-10.0,200,696,-1188,49
θ=1・泊＋風力2倍,現行（下限0.01円）,0.01,0,9159,5667,0
θ=1・泊＋風力2倍,現行（下限0.01円）,0.01,10,8109,4816,0
θ=1・泊＋風力2倍,現行（下限0.01円）,0.01,25,6365,3404,0
θ=1・泊＋風力2倍,現行（下限0.01円）,0.01,50,4870,2192,0
θ=1・泊＋風力2倍,現行（下限0.01円）,0.01,100,2323,129,0
θ=1・泊＋風力2倍,現行（下限0.01円）,0.01,150,1243,-746,0
θ=1・泊＋風力2倍,現行（下限0.01円）,0.01,200,856,-1058,0
θ=1・泊＋風力2倍,下限 0円,-0.0,0,9167,5673,0
θ=1・泊＋風力2倍,下限 0円,-0.0,10,8116,4822,0
θ=1・泊＋風力2倍,下限 0円,-0.0,25,6370,3408,0
θ=1・泊＋風力2倍,下限 0円,-0.0,50,4874,2196,0
θ=1・泊＋風力2倍,下限 0円,-0.0,100,2326,132,0
θ=1・泊＋風力2倍,下限 0円,-0.0,150,1245,-744,0
θ=1・泊＋風力2倍,下限 0円,-0.0,200,858,-1057,0
θ=1・泊＋風力2倍,下限 −5円,-5.0,0,12985,8766,1478
θ=1・泊＋風力2倍,下限 −5円,-5.0,10,11509,7570,1310
θ=1・泊＋風力2倍,下限 −5円,-5.0,25,9124,5638,1038
θ=1・泊＋風力2倍,下限 −5円,-5.0,50,7154,4043,829
θ=1・泊＋風力2倍,下限 −5円,-5.0,100,3847,1364,530
θ=1・泊＋風力2倍,下限 −5円,-5.0,150,2381,177,377
θ=1・泊＋風力2倍,下限 −5円,-5.0,200,1751,-333,283
θ=1・泊＋風力2倍,下限 −10円,-10.0,0,16804,11859,1478
θ=1・泊＋風力2倍,下限 −10円,-10.0,10,14902,10319,1310
θ=1・泊＋風力2倍,下限 −10円,-10.0,25,11877,7868,1038
θ=1・泊＋風力2倍,下限 −10円,-10.0,50,9434,5890,829
θ=1・泊＋風力2倍,下限 −10円,-10.0,100,5369,2597,530
θ=1・泊＋風力2倍,下限 −10円,-10.0,150,3518,1098,377
θ=1・泊＋風力2倍,下限 −10円,-10.0,200,2645,390,283
