下限,π_PF(0),資本費(万円/kWh),κP_cap,θ*
現行（下限0.01円）,8265,2.3,1.25万,1.42
現行（下限0.01円）,8265,2.3,1.75万,0.67
現行（下限0.01円）,8265,2.3,2.5万,-0.46
現行（下限0.01円）,8265,4.0,1.25万,2.3
現行（下限0.01円）,8265,4.0,1.75万,1.56
現行（下限0.01円）,8265,4.0,2.5万,0.42
現行（下限0.01円）,8265,6.8,1.25万,3.76
現行（下限0.01円）,8265,6.8,1.75万,3.02
現行（下限0.01円）,8265,6.8,2.5万,1.88
下限 0円,8266,2.3,1.25万,1.41
下限 0円,8266,2.3,1.75万,0.67
下限 0円,8266,2.3,2.5万,-0.46
下限 0円,8266,4.0,1.25万,2.3
下限 0円,8266,4.0,1.75万,1.56
下限 0円,8266,4.0,2.5万,0.42
下限 0円,8266,6.8,1.25万,3.76
下限 0円,8266,6.8,1.75万,3.01
下限 0円,8266,6.8,2.5万,1.88
下限 −5円,8708,2.3,1.25万,1.34
下限 −5円,8708,2.3,1.75万,0.64
下限 −5円,8708,2.3,2.5万,-0.44
下限 −5円,8708,4.0,1.25万,2.18
下限 −5円,8708,4.0,1.75万,1.48
下限 −5円,8708,4.0,2.5万,0.4
下限 −5円,8708,6.8,1.25万,3.57
下限 −5円,8708,6.8,1.75万,2.86
下限 −5円,8708,6.8,2.5万,1.78
下限 −10円,9150,2.3,1.25万,1.28
下限 −10円,9150,2.3,1.75万,0.61
下限 −10円,9150,2.3,2.5万,-0.42
下限 −10円,9150,4.0,1.25万,2.08
下限 −10円,9150,4.0,1.75万,1.41
下限 −10円,9150,4.0,2.5万,0.38
下限 −10円,9150,6.8,1.25万,3.4
下限 −10円,9150,6.8,1.75万,2.72
下限 −10円,9150,6.8,2.5万,1.7
