シナリオ,K(万kW),π_PF(円/kW-年),π_実現可能(円/kW-年)
現状,0,8266.0,4944.0
現状,10,7152.0,4041.0
現状,25,5172.0,2437.0
現状,50,3490.0,1075.0
現状,100,986.0,-953.0
現状,150,192.0,-1596.0
現状,200,12.0,-1743.0
現状,300,1.0,-1751.0
泊3号再稼働,0,8929.0,5480.0
泊3号再稼働,10,7829.0,4589.0
泊3号再稼働,25,5925.0,3047.0
泊3号再稼働,50,4387.0,1801.0
泊3号再稼働,100,1744.0,-339.0
泊3号再稼働,150,601.0,-1265.0
泊3号再稼働,200,283.0,-1523.0
泊3号再稼働,300,220.0,-1573.0
泊＋風力2倍,0,9381.0,5847.0
泊＋風力2倍,10,8335.0,5000.0
泊＋風力2倍,25,6591.0,3587.0
泊＋風力2倍,50,5074.0,2358.0
泊＋風力2倍,100,2448.0,231.0
泊＋風力2倍,150,1293.0,-705.0
泊＋風力2倍,200,880.0,-1039.0
泊＋風力2倍,300,796.0,-1107.0
