シナリオ,θ,K(万kW),π_PF(円/kW-年),π_実現可能(円/kW-年),π_実現可能_裾補正(円/kW-年)
現状（FY2023-25水準 θ=1）,1.0,0,8265.0,4943.0,6598.0
現状（FY2023-25水準 θ=1）,1.0,10,7144.0,4035.0,5465.0
現状（FY2023-25水準 θ=1）,1.0,25,5113.0,2389.0,3413.0
現状（FY2023-25水準 θ=1）,1.0,50,3416.0,1015.0,1699.0
現状（FY2023-25水準 θ=1）,1.0,100,961.0,-974.0,-781.0
現状（FY2023-25水準 θ=1）,1.0,150,198.0,-1592.0,-1552.0
現状（FY2023-25水準 θ=1）,1.0,200,12.0,-1742.0,-1739.0
現状（FY2023-25水準 θ=1）,1.0,300,1.0,-1751.0,-1751.0
FY2026上期水準（θ=1.57）,1.567,0,12951.0,8738.0,11331.0
FY2026上期水準（θ=1.57）,1.567,10,11194.0,7315.0,9556.0
FY2026上期水準（θ=1.57）,1.567,25,8011.0,4737.0,6341.0
FY2026上期水準（θ=1.57）,1.567,50,5353.0,2584.0,3655.0
FY2026上期水準（θ=1.57）,1.567,100,1506.0,-532.0,-231.0
FY2026上期水準（θ=1.57）,1.567,150,310.0,-1501.0,-1439.0
FY2026上期水準（θ=1.57）,1.567,200,19.0,-1736.0,-1732.0
FY2026上期水準（θ=1.57）,1.567,300,1.0,-1751.0,-1751.0
FY2022水準（θ=1.72）,1.715,0,14179.0,9733.0,12572.0
FY2022水準（θ=1.72）,1.715,10,12256.0,8175.0,10629.0
FY2022水準（θ=1.72）,1.715,25,8771.0,5353.0,7108.0
FY2022水準（θ=1.72）,1.715,50,5860.0,2995.0,4168.0
FY2022水準（θ=1.72）,1.715,100,1649.0,-416.0,-86.0
FY2022水準（θ=1.72）,1.715,150,340.0,-1477.0,-1409.0
FY2022水準（θ=1.72）,1.715,200,21.0,-1735.0,-1730.0
FY2022水準（θ=1.72）,1.715,300,1.0,-1751.0,-1751.0
FY2026上期水準＋泊3号再稼働,1.567,0,13616.0,9277.0,12003.0
FY2026上期水準＋泊3号再稼働,1.567,10,11892.0,7881.0,10261.0
FY2026上期水準＋泊3号再稼働,1.567,25,8928.0,5480.0,7267.0
FY2026上期水準＋泊3号再稼働,1.567,50,6545.0,3550.0,4860.0
FY2026上期水準＋泊3号再稼働,1.567,100,2589.0,345.0,863.0
FY2026上期水準＋泊3号再稼働,1.567,150,904.0,-1020.0,-839.0
FY2026上期水準＋泊3号再稼働,1.567,200,426.0,-1407.0,-1321.0
FY2026上期水準＋泊3号再稼働,1.567,300,332.0,-1483.0,-1417.0
