ym,fy,theta_m,n_hours,mean_p_hokkaido,mean_p_system
FY2022,2022,1.715,8760,21.66,20.41
FY2023,2023,0.938,8784,11.44,10.74
FY2024,2024,1.065,8760,12.64,12.29
FY2025,2025,0.997,8760,11.7,11.06
FY2026,2026,1.567,2184,14.04,14.63
2022-04,2022,1.61,648,17.7,17.76
2022-05,2022,1.724,649,16.96,16.95
2022-06,2022,2.008,691,21.84,21.28
2022-07,2022,2.138,727,26.63,24.8
2022-08,2022,2.191,700,25.99,25.52
2022-09,2022,2.21,696,27.83,24.02
2022-10,2022,1.864,725,25.37,22.08
2022-11,2022,1.578,717,25.51,22.6
2022-12,2022,1.978,744,25.86,25.04
2023-01,2022,1.398,744,20.12,19.56
2023-02,2022,1.165,667,15.86,15.06
2023-03,2022,0.823,676,9.88,9.81
2023-04,2023,0.928,632,9.37,8.56
2023-05,2023,1.106,653,10.55,8.65
2023-06,2023,0.975,699,10.28,8.48
2023-07,2023,0.893,732,10.77,10.13
2023-08,2023,0.931,744,12.52,11.68
2023-09,2023,1.092,711,14.71,13.39
2023-10,2023,1.07,716,12.78,11.24
2023-11,2023,0.868,692,12.2,14.2
2023-12,2023,1.063,741,12.7,12.4
2024-01,2023,0.784,742,9.94,10.12
2024-02,2023,0.767,693,9.37,9.36
2024-03,2023,0.914,719,12.05,10.66
2024-04,2024,1.016,624,9.94,9.44
2024-05,2024,1.198,632,10.69,9.62
2024-06,2024,1.173,707,11.5,10.92
2024-07,2024,1.059,742,12.6,14.15
2024-08,2024,1.001,744,13.13,14.48
2024-09,2024,1.124,713,13.22,13.96
2024-10,2024,1.101,720,13.03,12.68
2024-11,2024,0.933,720,13.72,12.42
2024-12,2024,1.113,743,13.44,12.26
2025-01,2024,1.177,744,14.27,12.43
2025-02,2024,1.24,671,14.29,13.94
2025-03,2024,0.924,725,11.97,11.31
2025-04,2025,0.935,646,9.95,9.82
2025-05,2025,0.981,629,8.5,8.92
2025-06,2025,0.975,682,9.37,10.87
2025-07,2025,1.042,742,13.11,12.75
2025-08,2025,1.086,744,13.55,11.98
2025-09,2025,1.068,690,12.14,11.62
2025-10,2025,1.082,732,12.89,11.67
2025-11,2025,0.785,719,11.17,10.55
2025-12,2025,1.039,744,11.9,10.58
2026-01,2025,1.07,744,13.63,11.27
2026-02,2025,0.959,664,11.13,10.45
2026-03,2025,1.026,720,12.91,12.12
2026-04,2026,1.525,594,13.96,14.77
2026-05,2026,1.668,610,13.65,14.06
2026-06,2026,1.525,682,14.51,15.1
