エリア,被説明変数,係数,推定値,SE,p値
hokkaido,水準: 日平均価格,solar_夏,-0.2676631495889169,0.048167495125256025,2.745689350973772e-08
hokkaido,水準: 日平均価格,wind_夏,-0.2059770235148461,0.039115234150262954,1.3950203608461544e-07
hokkaido,水準: 日平均価格,solar_冬,-0.644235873751426,0.21149011092797812,0.002317729481282064
hokkaido,水準: 日平均価格,wind_冬,-0.3018205278527665,0.06311812852982956,1.7370152378793017e-06
hokkaido,水準: 日平均価格,solar_春秋,-0.1964835961334162,0.03131276766780084,3.499229737866885e-10
hokkaido,水準: 日平均価格,wind_春秋,-0.29311460946446627,0.029705077165548547,5.758645879335564e-23
hokkaido,変動性: 日内SD,solar_夏,0.02991927009560022,0.03527820354511158,0.39638503345774245
hokkaido,変動性: 日内SD,wind_夏,-0.02587431628995587,0.03377355290963867,0.4436098021685788
hokkaido,変動性: 日内SD,solar_冬,-0.22632993265483664,0.12094956291897686,0.06130692884793557
hokkaido,変動性: 日内SD,wind_冬,-0.1398834658155379,0.03794415743126433,0.00022730462606167104
hokkaido,変動性: 日内SD,solar_春秋,0.116622101783761,0.021681435783969465,7.494564279249461e-08
hokkaido,変動性: 日内SD,wind_春秋,-0.007616320454961546,0.020252150081252952,0.706861392282245
hokkaido,変動性: TB4hスプレッド,solar_夏,0.10134812085395728,0.09406575020210113,0.2812936212296885
hokkaido,変動性: TB4hスプレッド,wind_夏,-0.05329900751567371,0.0925786277301931,0.5648070837842077
hokkaido,変動性: TB4hスプレッド,solar_冬,-0.5648549037501225,0.3302886098927101,0.0872315132983177
hokkaido,変動性: TB4hスプレッド,wind_冬,-0.38782148636622804,0.10320301682404946,0.0001713793631430897
hokkaido,変動性: TB4hスプレッド,solar_春秋,0.3137636615802379,0.056416657253217,2.6739987160582242e-08
hokkaido,変動性: TB4hスプレッド,wind_春秋,-0.014995973982656589,0.053185975641352676,0.7779791370466839
kyushu,水準: 日平均価格,solar_夏,-0.039398068149743296,0.010748795840962177,0.00024700330553392534
kyushu,水準: 日平均価格,wind_夏,0.13524395153887397,0.08816980389443364,0.12505344854755376
kyushu,水準: 日平均価格,solar_冬,-0.05643965629285938,0.025089071645328257,0.02447617005072245
kyushu,水準: 日平均価格,wind_冬,-0.32550739567053866,0.24656198794822012,0.18677331620850113
kyushu,水準: 日平均価格,solar_春秋,-0.04749961100232267,0.004658260273691389,2.0479406288765246e-24
kyushu,水準: 日平均価格,wind_春秋,0.005993943493404673,0.05954723108019408,0.9198214424239707
kyushu,変動性: 日内SD,solar_夏,0.001618793817603349,0.0056197108831160135,0.7733035485062509
kyushu,変動性: 日内SD,wind_夏,-0.04774209554107921,0.07799623030737445,0.5404664830495587
kyushu,変動性: 日内SD,solar_冬,0.0307933263483298,0.014364949841086244,0.03206149044087274
kyushu,変動性: 日内SD,wind_冬,-0.23422378165934582,0.1285244550008636,0.0683933532872295
kyushu,変動性: 日内SD,solar_春秋,0.03622937213301358,0.002976223501654627,4.332254032780721e-34
kyushu,変動性: 日内SD,wind_春秋,0.07869571036968664,0.03502746973880323,0.024660129916516615
kyushu,変動性: TB4hスプレッド,solar_夏,0.009305549544704845,0.014717446443054982,0.5272038186729295
kyushu,変動性: TB4hスプレッド,wind_夏,-0.12018603186226526,0.20652233452468097,0.5605991883513477
kyushu,変動性: TB4hスプレッド,solar_冬,0.08751328172481335,0.03783457519246322,0.020719864735148658
kyushu,変動性: TB4hスプレッド,wind_冬,-0.6176369380859308,0.33481747435735476,0.06508156337094502
kyushu,変動性: TB4hスプレッド,solar_春秋,0.08594180313904515,0.007662036175121726,3.3811316703160577e-29
kyushu,変動性: TB4hスプレッド,wind_春秋,0.17362009881017348,0.09329036882496543,0.06273400133753416
